case,filename,subrun,status,target_channel,feature,observed_value,reference_mean,reference_std_pre_floor,reference_std_used,std_floor_applied,z_score,abs_z,triggered_by_z_threshold,canonical_max_z_exact,canonical_max_z_rounded,canonical_method,canonical_if_score
A,Digitizer_run2014_subrun168.csv,168,ALERT,4,nPulses_median,2.0,1.0,0.0,1e-06,True,1000000.0,1000000.0,True,1000000.0,1000000.0,statistical,-0.6027
A,Digitizer_run2014_subrun168.csv,168,ALERT,4,pulseHeight_min_std,94.19975364526043,360.55408803346006,44.67662493063959,44.67662493063959,False,-5.961827573182048,5.961827573182048,False,1000000.0,1000000.0,statistical,-0.6027
A,Digitizer_run2014_subrun168.csv,168,ALERT,4,sideband_rms_median,0.919449,0.7613457826502117,0.029114081250387447,0.029114081250387447,False,5.430472491646435,5.430472491646435,False,1000000.0,1000000.0,statistical,-0.6027
A,Digitizer_run2014_subrun168.csv,168,ALERT,4,occupancy,0.02404809619238477,0.09009100659976602,0.015837964562537252,0.015837964562537252,False,-4.169911489990172,4.169911489990172,False,1000000.0,1000000.0,statistical,-0.6027
A,Digitizer_run2014_subrun168.csv,168,ALERT,4,pulseHeight_min_mean,-79.32085833333333,-235.82257857552253,40.292285543624416,40.292285543624416,False,3.8841609040208196,3.8841609040208196,False,1000000.0,1000000.0,statistical,-0.6027
A,Digitizer_run2014_subrun168.csv,168,ALERT,4,nPulses_mean,1.6666666666666667,1.3694356226357243,0.07996261139126971,0.07996261139126971,False,3.71712527716915,3.71712527716915,False,1000000.0,1000000.0,statistical,-0.6027
A,Digitizer_run2014_subrun168.csv,168,ALERT,4,pulseDuriation_min_mean,162.07333333333335,244.17727935484066,24.33673312746962,24.33673312746962,False,-3.3736634079630865,3.3736634079630865,False,1000000.0,1000000.0,statistical,-0.6027
A,Digitizer_run2014_subrun168.csv,168,ALERT,4,pulseDuriation_min_median,131.24,207.08894226531564,24.201576040695755,24.201576040695755,False,-3.1340497055965737,3.1340497055965737,False,1000000.0,1000000.0,statistical,-0.6027
A,Digitizer_run2014_subrun168.csv,168,ALERT,4,pulseArea_max_median,14812.5,8637.286763625676,2283.4295059597835,2283.4295059597835,False,2.704359044260806,2.704359044260806,False,1000000.0,1000000.0,statistical,-0.6027
A,Digitizer_run2014_subrun168.csv,168,ALERT,4,pulseArea_min_mean,3405.7916666666665,17753.84188010759,5315.482820374426,5315.482820374426,False,-2.6992938738216514,2.6992938738216514,False,1000000.0,1000000.0,statistical,-0.6027
A,Digitizer_run2014_subrun168.csv,168,ALERT,4,pulseDuriation_max_median,334.99,287.9053812252114,19.185705254567385,19.185705254567385,False,2.454151054133367,2.454151054133367,False,1000000.0,1000000.0,statistical,-0.6027
A,Digitizer_run2014_subrun168.csv,168,ALERT,4,pulseArea_min_std,5206.385535668147,43352.71371517684,18383.01696828334,18383.01696828334,False,-2.07508529450435,2.07508529450435,False,1000000.0,1000000.0,statistical,-0.6027
A,Digitizer_run2014_subrun168.csv,168,ALERT,4,pulseArea_min_median,953.0,2984.4517408549896,988.5858433380621,988.5858433380621,False,-2.054906768637899,2.054906768637899,False,1000000.0,1000000.0,statistical,-0.6027
A,Digitizer_run2014_subrun168.csv,168,ALERT,4,pulseHeight_min_median,-31.14735,-67.49145424562909,18.49742182514187,18.49742182514187,False,1.9648199943318496,1.9648199943318496,False,1000000.0,1000000.0,statistical,-0.6027
A,Digitizer_run2014_subrun168.csv,168,ALERT,4,pulseHeight_max_median,-251.585,-170.3548985162332,42.47158477983561,42.47158477983561,False,-1.9125752407132388,1.9125752407132388,False,1000000.0,1000000.0,statistical,-0.6027
A,Digitizer_run2014_subrun168.csv,168,ALERT,4,pulseDuriation_min_std,86.60776984255772,188.30180688405636,78.55230986852375,78.55230986852375,False,-1.2946027584893196,1.2946027584893196,False,1000000.0,1000000.0,statistical,-0.6027
A,Digitizer_run2014_subrun168.csv,168,ALERT,4,pulseHeight_max_mean,-429.8026541666666,-387.9579261650905,49.91104625517707,49.91104625517707,False,-0.8383861117164169,0.8383861117164169,False,1000000.0,1000000.0,statistical,-0.6027
A,Digitizer_run2014_subrun168.csv,168,ALERT,4,pulseDuriation_max_std,138.1553879944031,197.197472023673,77.45520384323005,77.45520384323005,False,-0.7622739480328724,0.7622739480328724,False,1000000.0,1000000.0,statistical,-0.6027
A,Digitizer_run2014_subrun168.csv,168,ALERT,4,sideband_mean_std,21.00636652603896,56.88465641129773,51.513951680716076,51.513951680716076,False,-0.6964771428841788,0.6964771428841788,False,1000000.0,1000000.0,statistical,-0.6027
A,Digitizer_run2014_subrun168.csv,168,ALERT,4,sideband_mean_mean,-2.2167758041666663,-6.696196754204567,8.263195643431823,8.263195643431823,False,0.5420930525345196,0.5420930525345196,False,1000000.0,1000000.0,statistical,-0.6027
A,Digitizer_run2014_subrun168.csv,168,ALERT,4,sideband_rms_std,4.827630821180344,10.927672826503889,11.627327585074806,11.627327585074806,False,-0.5246297535431741,0.5246297535431741,False,1000000.0,1000000.0,statistical,-0.6027
A,Digitizer_run2014_subrun168.csv,168,ALERT,4,pulseArea_max_mean,31958.75,29583.830756138526,6328.922739500642,6328.922739500642,False,0.3752485757234662,0.3752485757234662,False,1000000.0,1000000.0,statistical,-0.6027
A,Digitizer_run2014_subrun168.csv,168,ALERT,4,nPulses_std,0.6370220572706061,0.6942922339856726,0.17441662362635,0.17441662362635,False,-0.328352742555982,0.328352742555982,False,1000000.0,1000000.0,statistical,-0.6027
A,Digitizer_run2014_subrun168.csv,168,ALERT,4,pulseArea_max_std,47008.08253190175,52384.62635189334,16474.260835018355,16474.260835018355,False,-0.32636024607325564,0.32636024607325564,False,1000000.0,1000000.0,statistical,-0.6027
A,Digitizer_run2014_subrun168.csv,168,ALERT,4,sideband_rms_mean,1.8784608333333335,2.4064606881699877,1.7511452638536318,1.7511452638536318,False,-0.30151687911642416,0.30151687911642416,False,1000000.0,1000000.0,statistical,-0.6027
A,Digitizer_run2014_subrun168.csv,168,ALERT,4,sideband_mean_median,0.23706149999999998,0.2720028794465675,0.16660548893748078,0.16660548893748078,False,-0.20972525977027898,0.20972525977027898,False,1000000.0,1000000.0,statistical,-0.6027
A,Digitizer_run2014_subrun168.csv,168,ALERT,4,pulseDuriation_max_mean,306.4483333333333,310.89513187857415,26.713057602959257,26.713057602959257,False,-0.16646535231325263,0.16646535231325263,False,1000000.0,1000000.0,statistical,-0.6027
A,Digitizer_run2014_subrun168.csv,168,ALERT,4,pulseHeight_max_std,447.0954847674478,441.8468742797766,32.300842344848384,32.300842344848384,False,0.1624914431529756,0.1624914431529756,False,1000000.0,1000000.0,statistical,-0.6027
A,Digitizer_run2014_subrun168.csv,168,ALERT,4,frac_dead,0.0,0.0,0.0,1e-06,True,0.0,0.0,False,1000000.0,1000000.0,statistical,-0.6027
B,Digitizer_run2014_subrun902.csv,902,ALERT,38,nPulses_median,2.0,1.0002937720329026,0.014840576898137581,0.014840576898137581,False,67.36303007820105,67.36303007820105,True,67.36303007820105,67.36,statistical,-0.5898
B,Digitizer_run2014_subrun902.csv,902,ALERT,38,nPulses_mean,1.7916666666666667,1.425137590359732,0.08146755781691903,0.08146755781691903,False,4.499080199883132,4.499080199883132,False,67.36303007820105,67.36,statistical,-0.5898
B,Digitizer_run2014_subrun902.csv,902,ALERT,38,sideband_mean_mean,-30.312119383333336,-4.596206080345751,7.829397108086973,7.829397108086973,False,-3.2845330167792426,3.2845330167792426,False,67.36303007820105,67.36,statistical,-0.5898
B,Digitizer_run2014_subrun902.csv,902,ALERT,38,pulseDuriation_min_median,137.49,198.47523795534684,20.360548739624612,20.360548739624612,False,-2.9952649476809348,2.9952649476809348,False,67.36303007820105,67.36,statistical,-0.5898
B,Digitizer_run2014_subrun902.csv,902,ALERT,38,sideband_mean_std,184.38952817079945,50.52081971437639,50.582469845610504,50.582469845610504,False,2.6465435330663287,2.6465435330663287,False,67.36303007820105,67.36,statistical,-0.5898
B,Digitizer_run2014_subrun902.csv,902,ALERT,38,pulseHeight_min_mean,-143.99527083333334,-241.5644153278437,37.53052347269319,37.53052347269319,False,2.5997277806556744,2.5997277806556744,False,67.36303007820105,67.36,statistical,-0.5898
B,Digitizer_run2014_subrun902.csv,902,ALERT,38,pulseDuriation_min_mean,174.83375,230.51002420171406,22.709881854280955,22.709881854280955,False,-2.4516320498258657,2.4516320498258657,False,67.36303007820105,67.36,statistical,-0.5898
B,Digitizer_run2014_subrun902.csv,902,ALERT,38,nPulses_std,0.9884079899565406,0.7260815536850674,0.12288217219524472,0.12288217219524472,False,2.1347802662103708,2.1347802662103708,False,67.36303007820105,67.36,statistical,-0.5898
B,Digitizer_run2014_subrun902.csv,902,ALERT,38,pulseHeight_min_median,-42.18615,-82.79995378965914,20.121228507170777,20.121228507170777,False,2.018455472298088,2.018455472298088,False,67.36303007820105,67.36,statistical,-0.5898
B,Digitizer_run2014_subrun902.csv,902,ALERT,38,pulseArea_min_median,1276.5,3107.72958284371,942.344836450366,942.344836450366,False,-1.9432690794397558,1.9432690794397558,False,67.36303007820105,67.36,statistical,-0.5898
B,Digitizer_run2014_subrun902.csv,902,ALERT,38,pulseHeight_min_std,266.9391892929469,345.3687545728981,42.93739080382059,42.93739080382059,False,-1.826602963330798,1.826602963330798,False,67.36303007820105,67.36,statistical,-0.5898
B,Digitizer_run2014_subrun902.csv,902,ALERT,38,pulseArea_min_mean,7073.729166666667,15440.637930489846,4692.024107864384,4692.024107864384,False,-1.7832194744692929,1.7832194744692929,False,67.36303007820105,67.36,statistical,-0.5898
B,Digitizer_run2014_subrun902.csv,902,ALERT,38,pulseDuriation_max_mean,270.1983333333333,305.5022288563582,24.506568491926956,24.506568491926956,False,-1.4405891030665852,1.4405891030665852,False,67.36303007820105,67.36,statistical,-0.5898
B,Digitizer_run2014_subrun902.csv,902,ALERT,38,pulseArea_max_mean,23631.229166666668,31379.856914950393,6193.073816503963,6193.073816503963,False,-1.251176391218583,1.251176391218583,False,67.36303007820105,67.36,statistical,-0.5898
B,Digitizer_run2014_subrun902.csv,902,ALERT,38,sideband_mean_median,0.655934,0.9803065358012618,0.2602824614461457,0.2602824614461457,False,-1.2462327811064473,1.2462327811064473,False,67.36303007820105,67.36,statistical,-0.5898
B,Digitizer_run2014_subrun902.csv,902,ALERT,38,pulseArea_max_std,33143.87661954916,52249.242780688066,16359.8210465583,16359.8210465583,False,-1.1678224417471974,1.1678224417471974,False,67.36303007820105,67.36,statistical,-0.5898
B,Digitizer_run2014_subrun902.csv,902,ALERT,38,pulseDuriation_max_median,264.99,282.69472238542846,15.87620039816652,15.87620039816652,False,-1.1151737784484697,1.1151737784484697,False,67.36303007820105,67.36,statistical,-0.5898
B,Digitizer_run2014_subrun902.csv,902,ALERT,38,pulseArea_min_std,17224.339287874358,38442.19176612057,19190.521896092167,19190.521896092167,False,-1.1056422849326928,1.1056422849326928,False,67.36303007820105,67.36,statistical,-0.5898
B,Digitizer_run2014_subrun902.csv,902,ALERT,38,sideband_rms_median,0.9312845000000001,0.9573146912455923,0.023571786641518405,0.023571786641518405,False,-1.1042943685797542,1.1042943685797542,False,67.36303007820105,67.36,statistical,-0.5898
B,Digitizer_run2014_subrun902.csv,902,ALERT,38,pulseDuriation_min_std,98.5309734350769,171.04926676487122,75.43827240586944,75.43827240586944,False,-0.9612931343341853,0.9612931343341853,False,67.36303007820105,67.36,statistical,-0.5898
B,Digitizer_run2014_subrun902.csv,902,ALERT,38,pulseArea_max_median,7903.0,10274.415760869595,2525.2918808517393,2525.2918808517393,False,-0.939066006132232,0.939066006132232,False,67.36303007820105,67.36,statistical,-0.5898
B,Digitizer_run2014_subrun902.csv,902,ALERT,38,occupancy,0.07894736842105263,0.08748356631100628,0.009654908391703907,0.009654908391703907,False,-0.8841303867044948,0.8841303867044948,False,67.36303007820105,67.36,statistical,-0.5898
B,Digitizer_run2014_subrun902.csv,902,ALERT,38,pulseDuriation_max_std,121.91167160595766,181.58331231381246,70.82445069309169,70.82445069309169,False,-0.8425288177162699,0.8425288177162699,False,67.36303007820105,67.36,statistical,-0.5898
B,Digitizer_run2014_subrun902.csv,902,ALERT,38,pulseHeight_max_mean,-409.90160833333334,-450.58325932264984,50.643042627671385,50.643042627671385,False,0.8033018728437935,0.8033018728437935,False,67.36303007820105,67.36,statistical,-0.5898
B,Digitizer_run2014_subrun902.csv,902,ALERT,38,pulseHeight_max_std,449.17090742025067,460.9820796936603,27.99739734562077,27.99739734562077,False,-0.42186679453106657,0.42186679453106657,False,67.36303007820105,67.36,statistical,-0.5898
B,Digitizer_run2014_subrun902.csv,902,ALERT,38,pulseHeight_max_median,-211.7835,-232.02429962544036,54.215833566113254,54.215833566113254,False,0.3733374236653174,0.3733374236653174,False,67.36303007820105,67.36,statistical,-0.5898
B,Digitizer_run2014_subrun902.csv,902,ALERT,38,sideband_rms_std,7.8715900354601755,10.292507788110225,11.745749670186902,11.745749670186902,False,-0.20611010966757023,0.20611010966757023,False,67.36303007820105,67.36,statistical,-0.5898
B,Digitizer_run2014_subrun902.csv,902,ALERT,38,sideband_rms_mean,2.70618775,2.465191680754964,1.7177791236287694,1.7177791236287694,False,0.14029514384593125,0.14029514384593125,False,67.36303007820105,67.36,statistical,-0.5898
B,Digitizer_run2014_subrun902.csv,902,ALERT,38,frac_dead,0.0,0.0,0.0,1e-06,True,0.0,0.0,False,67.36303007820105,67.36,statistical,-0.5898
C,Digitizer_run2014_subrun3.csv,3,ALERT,66,nPulses_median,2.0,1.0025705052878953,0.04725890660442968,0.04725890660442968,False,21.105640531654057,21.105640531654057,True,21.105640531654057,21.11,statistical,-0.5253
C,Digitizer_run2014_subrun3.csv,3,ALERT,66,pulseHeight_max_mean,-569.2126423076924,-444.5540576127305,58.435082020793395,58.435082020793395,False,-2.1332833014695463,2.1332833014695463,False,21.105640531654057,21.11,statistical,-0.5253
C,Digitizer_run2014_subrun3.csv,3,ALERT,66,pulseDuriation_max_median,322.49,279.9385898942428,20.123453555487192,20.123453555487192,False,2.114518265387625,2.114518265387625,False,21.105640531654057,21.11,statistical,-0.5253
C,Digitizer_run2014_subrun3.csv,3,ALERT,66,nPulses_mean,1.6923076923076923,1.4818700163965044,0.10153643098549639,0.10153643098549639,False,2.0725337090216134,2.0725337090216134,False,21.105640531654057,21.11,statistical,-0.5253
C,Digitizer_run2014_subrun3.csv,3,ALERT,66,pulseArea_max_median,16409.5,10028.122209165684,3119.6861166839712,3119.6861166839712,False,2.0455191811467612,2.0455191811467612,False,21.105640531654057,21.11,statistical,-0.5253
C,Digitizer_run2014_subrun3.csv,3,ALERT,66,pulseArea_max_mean,48250.9358974359,33608.9447449645,7947.134873313906,7947.134873313906,False,1.8424238906072294,1.8424238906072294,False,21.105640531654057,21.11,statistical,-0.5253
C,Digitizer_run2014_subrun3.csv,3,ALERT,66,pulseHeight_max_median,-331.96799999999996,-220.088621349883,65.03532331424965,65.03532331424965,False,-1.7202863451530421,1.7202863451530421,False,21.105640531654057,21.11,statistical,-0.5253
C,Digitizer_run2014_subrun3.csv,3,ALERT,66,pulseDuriation_min_median,158.74,189.04699177438278,19.3530219616197,19.3530219616197,False,-1.5660082355348242,1.5660082355348242,False,21.105640531654057,21.11,statistical,-0.5253
C,Digitizer_run2014_subrun3.csv,3,ALERT,66,sideband_rms_std,28.167255264352672,10.867609346747853,12.845428288706108,12.845428288706108,False,1.346755088953704,1.346755088953704,False,21.105640531654057,21.11,statistical,-0.5253
C,Digitizer_run2014_subrun3.csv,3,ALERT,66,sideband_rms_mean,5.363886794871795,2.674227736953487,2.0322785982681,2.0322785982681,False,1.323469656281587,1.323469656281587,False,21.105640531654057,21.11,statistical,-0.5253
C,Digitizer_run2014_subrun3.csv,3,ALERT,66,sideband_mean_std,122.34431746764182,52.5657069596004,55.16969324629185,55.16969324629185,False,1.2647996826179833,1.2647996826179833,False,21.105640531654057,21.11,statistical,-0.5253
C,Digitizer_run2014_subrun3.csv,3,ALERT,66,sideband_mean_mean,-17.509921921794874,-5.767053938768642,9.33434325568384,9.33434325568384,False,-1.258028300585132,1.258028300585132,False,21.105640531654057,21.11,statistical,-0.5253
C,Digitizer_run2014_subrun3.csv,3,ALERT,66,pulseDuriation_max_mean,349.79769230769233,312.0164710941525,30.519208463403437,30.519208463403437,False,1.2379489218681572,1.2379489218681572,False,21.105640531654057,21.11,statistical,-0.5253
C,Digitizer_run2014_subrun3.csv,3,ALERT,66,pulseArea_max_std,83221.48222810378,59216.564012653034,20497.901144781586,20497.901144781586,False,1.1710915203414367,1.1710915203414367,False,21.105640531654057,21.11,statistical,-0.5253
C,Digitizer_run2014_subrun3.csv,3,ALERT,66,pulseHeight_max_std,499.61636851356235,467.2036945119064,31.933814927319734,31.933814927319734,False,1.0149953607305007,1.0149953607305007,False,21.105640531654057,21.11,statistical,-0.5253
C,Digitizer_run2014_subrun3.csv,3,ALERT,66,pulseArea_min_median,1844.5,2687.061985898942,856.4783985947307,856.4783985947307,False,-0.9837515893937057,0.9837515893937057,False,21.105640531654057,21.11,statistical,-0.5253
C,Digitizer_run2014_subrun3.csv,3,ALERT,66,pulseArea_min_std,61774.81379868449,42155.93471842849,25662.61410205345,25662.61410205345,False,0.7644926195841503,0.7644926195841503,False,21.105640531654057,21.11,statistical,-0.5253
C,Digitizer_run2014_subrun3.csv,3,ALERT,66,occupancy,0.07894736842105263,0.07206160260625379,0.009594826748280513,0.009594826748280513,False,0.717654002041552,0.717654002041552,False,21.105640531654057,21.11,statistical,-0.5253
C,Digitizer_run2014_subrun3.csv,3,ALERT,66,pulseHeight_min_median,-63.2471,-70.9150357300234,17.98349174001939,17.98349174001939,False,0.42638748030003737,0.42638748030003737,False,21.105640531654057,21.11,statistical,-0.5253
C,Digitizer_run2014_subrun3.csv,3,ALERT,66,pulseHeight_min_std,342.2589449266336,327.84190764605466,49.49574473144564,49.49574473144564,False,0.2912783181423575,0.2912783181423575,False,21.105640531654057,21.11,statistical,-0.5253
C,Digitizer_run2014_subrun3.csv,3,ALERT,66,pulseDuriation_min_mean,222.10538461538462,228.85139814465632,25.707185525807134,25.707185525807134,False,-0.26241742887409636,0.26241742887409636,False,21.105640531654057,21.11,statistical,-0.5253
C,Digitizer_run2014_subrun3.csv,3,ALERT,66,pulseHeight_min_mean,-213.30325512820514,-221.20460101458463,40.213020711882166,40.213020711882166,False,0.19648725080841276,0.19648725080841276,False,21.105640531654057,21.11,statistical,-0.5253
C,Digitizer_run2014_subrun3.csv,3,ALERT,66,pulseArea_min_mean,16367.538461538461,15227.230697089479,5994.019786334792,5994.019786334792,False,0.1902409076207362,0.1902409076207362,False,21.105640531654057,21.11,statistical,-0.5253
C,Digitizer_run2014_subrun3.csv,3,ALERT,66,sideband_rms_median,0.922213,0.9161972751175099,0.03587058469101236,0.03587058469101236,False,0.16770635143835025,0.16770635143835025,False,21.105640531654057,21.11,statistical,-0.5253
C,Digitizer_run2014_subrun3.csv,3,ALERT,66,sideband_mean_median,0.840495,0.9242654609055513,0.5057269740365202,0.5057269740365202,False,-0.16564364806750836,0.16564364806750836,False,21.105640531654057,21.11,statistical,-0.5253
C,Digitizer_run2014_subrun3.csv,3,ALERT,66,nPulses_std,0.7945870823066727,0.8164901176517507,0.1535611899552416,0.1535611899552416,False,-0.14263392561272836,0.14263392561272836,False,21.105640531654057,21.11,statistical,-0.5253
C,Digitizer_run2014_subrun3.csv,3,ALERT,66,pulseDuriation_min_std,177.93552610019017,183.91454562697484,87.73669764777775,87.73669764777775,False,-0.06814730537029859,0.06814730537029859,False,21.105640531654057,21.11,statistical,-0.5253
C,Digitizer_run2014_subrun3.csv,3,ALERT,66,pulseDuriation_max_std,206.0212798044603,209.71936177080244,80.57123413979079,80.57123413979079,False,-0.045898291193181576,0.045898291193181576,False,21.105640531654057,21.11,statistical,-0.5253
C,Digitizer_run2014_subrun3.csv,3,ALERT,66,frac_dead,0.0,0.0,0.0,1e-06,True,0.0,0.0,False,21.105640531654057,21.11,statistical,-0.5253
D_OK_ch3,Digitizer_run2014_subrun94.csv,94,OK,3,sideband_rms_std,24.986403610405567,9.46045703239545,8.356359941359138,8.356359941359138,False,1.8579796331134184,1.8579796331134184,False,1.8579796331134184,1.86,,-0.4315
D_OK_ch3,Digitizer_run2014_subrun94.csv,94,OK,3,pulseDuriation_max_median,274.99,345.51761051549335,42.206197562417195,42.206197562417195,False,-1.6710249818452052,1.6710249818452052,False,1.8579796331134184,1.86,,-0.4315
D_OK_ch3,Digitizer_run2014_subrun94.csv,94,OK,3,nPulses_std,0.9020673423841917,1.372818650446854,0.3062914935171472,0.3062914935171472,False,-1.5369388899999215,1.5369388899999215,False,1.8579796331134184,1.86,,-0.4315
D_OK_ch3,Digitizer_run2014_subrun94.csv,94,OK,3,sideband_rms_mean,5.3110187101449275,2.9338617114916987,1.6112795809525247,1.6112795809525247,False,1.4753224870186388,1.4753224870186388,False,1.8579796331134184,1.86,,-0.4315
D_OK_ch3,Digitizer_run2014_subrun94.csv,94,OK,3,pulseHeight_max_std,338.7350717494761,313.4965450594491,25.909148102475793,25.909148102475793,False,0.9741164236741271,0.9741164236741271,False,1.8579796331134184,1.86,,-0.4315
D_OK_ch3,Digitizer_run2014_subrun94.csv,94,OK,3,sideband_mean_std,21.229727638876,52.850451757875256,37.42371584328082,37.42371584328082,False,-0.8449381202929519,0.8449381202929519,False,1.8579796331134184,1.86,,-0.4315
D_OK_ch3,Digitizer_run2014_subrun94.csv,94,OK,3,pulseDuriation_max_mean,347.41753623188407,417.48858875507784,87.99972001101959,87.99972001101959,False,-0.7962644939599725,0.7962644939599725,False,1.8579796331134184,1.86,,-0.4315
D_OK_ch3,Digitizer_run2014_subrun94.csv,94,OK,3,nPulses_mean,1.6666666666666667,1.822429963032282,0.22740251200286282,0.22740251200286282,False,-0.68496735147611,0.68496735147611,False,1.8579796331134184,1.86,,-0.4315
D_OK_ch3,Digitizer_run2014_subrun94.csv,94,OK,3,pulseArea_min_median,1574.0,2201.742106036129,929.1850239875738,929.1850239875738,False,-0.6755835380796278,0.6755835380796278,False,1.8579796331134184,1.86,,-0.4315
D_OK_ch3,Digitizer_run2014_subrun94.csv,94,OK,3,sideband_mean_mean,-4.390245246376812,-9.452439753165224,7.692307789591945,7.692307789591945,False,0.6580852775597201,0.6580852775597201,False,1.8579796331134184,1.86,,-0.4315
D_OK_ch3,Digitizer_run2014_subrun94.csv,94,OK,3,pulseArea_min_std,49006.641697278515,38230.77473185319,18951.47953026925,18951.47953026925,False,0.568602939322713,0.568602939322713,False,1.8579796331134184,1.86,,-0.4315
D_OK_ch3,Digitizer_run2014_subrun94.csv,94,OK,3,pulseArea_max_std,56218.7270683747,47292.03009331933,16629.045832642423,16629.045832642423,False,0.5368135408907512,0.5368135408907512,False,1.8579796331134184,1.86,,-0.4315
D_OK_ch3,Digitizer_run2014_subrun94.csv,94,OK,3,occupancy,0.06948640483383686,0.07432094944019971,0.00915025210127714,0.00915025210127714,False,-0.5283509735964615,0.5283509735964615,False,1.8579796331134184,1.86,,-0.4315
D_OK_ch3,Digitizer_run2014_subrun94.csv,94,OK,3,pulseHeight_min_mean,-158.16643333333332,-174.9883246967115,34.767801808957145,34.767801808957145,False,0.483835344431939,0.483835344431939,False,1.8579796331134184,1.86,,-0.4315
D_OK_ch3,Digitizer_run2014_subrun94.csv,94,OK,3,sideband_rms_median,0.883617,1.258135191804964,0.8249668348763384,0.8249668348763384,False,-0.4539796946638513,0.4539796946638513,False,1.8579796331134184,1.86,,-0.4315
D_OK_ch3,Digitizer_run2014_subrun94.csv,94,OK,3,pulseArea_max_mean,30161.246376811596,27475.174254520225,6840.943915988327,6840.943915988327,False,0.39264641769882247,0.39264641769882247,False,1.8579796331134184,1.86,,-0.4315
D_OK_ch3,Digitizer_run2014_subrun94.csv,94,OK,3,pulseHeight_min_median,-45.8222,-52.094180922308894,16.803097991414564,16.803097991414564,False,0.37326336640502367,0.37326336640502367,False,1.8579796331134184,1.86,,-0.4315
D_OK_ch3,Digitizer_run2014_subrun94.csv,94,OK,3,pulseDuriation_min_mean,254.19289855072466,276.86487608491274,65.23724007449842,65.23724007449842,False,-0.34753121849265156,0.34753121849265156,False,1.8579796331134184,1.86,,-0.4315
D_OK_ch3,Digitizer_run2014_subrun94.csv,94,OK,3,nPulses_median,1.0,1.0831252753708318,0.27069941832777283,0.27069941832777283,False,-0.3070759290298166,0.3070759290298166,False,1.8579796331134184,1.86,,-0.4315
D_OK_ch3,Digitizer_run2014_subrun94.csv,94,OK,3,pulseHeight_max_median,-149.983,-170.89030702011965,68.74789390642057,68.74789390642057,False,0.30411560023320294,0.30411560023320294,False,1.8579796331134184,1.86,,-0.4315
D_OK_ch3,Digitizer_run2014_subrun94.csv,94,OK,3,pulseDuriation_min_std,336.5054771737682,295.5093833387532,137.71196695866732,137.71196695866732,False,0.29769449046733554,0.29769449046733554,False,1.8579796331134184,1.86,,-0.4315
D_OK_ch3,Digitizer_run2014_subrun94.csv,94,OK,3,pulseDuriation_min_median,177.49,185.46730944338364,26.92677511584112,26.92677511584112,False,-0.29625937042459094,0.29625937042459094,False,1.8579796331134184,1.86,,-0.4315
D_OK_ch3,Digitizer_run2014_subrun94.csv,94,OK,3,sideband_mean_median,-0.22895,-0.6602453511565479,1.462721361736071,1.462721361736071,False,0.29485817493268385,0.29485817493268385,False,1.8579796331134184,1.86,,-0.4315
D_OK_ch3,Digitizer_run2014_subrun94.csv,94,OK,3,pulseArea_max_median,8540.0,9555.26553091497,3466.6847798143676,3466.6847798143676,False,-0.2928635267984577,0.2928635267984577,False,1.8579796331134184,1.86,,-0.4315
D_OK_ch3,Digitizer_run2014_subrun94.csv,94,OK,3,pulseArea_min_mean,15812.101449275362,14974.646237393068,5423.149317157848,5423.149317157848,False,0.15442230388765796,0.15442230388765796,False,1.8579796331134184,1.86,,-0.4315
D_OK_ch3,Digitizer_run2014_subrun94.csv,94,OK,3,pulseHeight_max_mean,-313.92877536231885,-306.78362326988776,50.387523619368814,50.387523619368814,False,-0.14180399390940726,0.14180399390940726,False,1.8579796331134184,1.86,,-0.4315
D_OK_ch3,Digitizer_run2014_subrun94.csv,94,OK,3,pulseDuriation_max_std,338.12006520659367,328.6241365486686,129.43731758527778,129.43731758527778,False,0.07336314468714791,0.07336314468714791,False,1.8579796331134184,1.86,,-0.4315
D_OK_ch3,Digitizer_run2014_subrun94.csv,94,OK,3,pulseHeight_min_std,243.94485037213275,245.28821851264846,35.15412383710732,35.15412383710732,False,-0.03821367150950582,0.03821367150950582,False,1.8579796331134184,1.86,,-0.4315
D_OK_ch3,Digitizer_run2014_subrun94.csv,94,OK,3,frac_dead,0.0,0.0,0.0,1e-06,True,0.0,0.0,False,1.8579796331134184,1.86,,-0.4315
D_OK_ch82,Digitizer_run2014_subrun94.csv,94,OK,82,pulseArea_max_median,4470.0,7881.435085915693,1847.980781392475,1847.980781392475,False,-1.846033855041034,1.846033855041034,False,1.846033855041034,1.85,,-0.4025
D_OK_ch82,Digitizer_run2014_subrun94.csv,94,OK,82,pulseArea_max_std,65264.340079994516,48087.97526360311,15201.156857353628,15201.156857353628,False,1.1299380025857875,1.1299380025857875,False,1.846033855041034,1.85,,-0.4025
D_OK_ch82,Digitizer_run2014_subrun94.csv,94,OK,82,sideband_mean_std,102.57546764395406,55.22668906052091,44.708809867882486,44.708809867882486,False,1.0590480650983987,1.0590480650983987,False,1.846033855041034,1.85,,-0.4025
D_OK_ch82,Digitizer_run2014_subrun94.csv,94,OK,82,pulseDuriation_max_mean,528.055693430657,610.5813678276857,102.60528013519738,102.60528013519738,False,-0.8043024129780559,0.8043024129780559,False,1.846033855041034,1.85,,-0.4025
D_OK_ch82,Digitizer_run2014_subrun94.csv,94,OK,82,pulseDuriation_max_median,302.49,351.69766632398216,61.38741368863752,61.38741368863752,False,-0.801592107684612,0.801592107684612,False,1.846033855041034,1.85,,-0.4025
D_OK_ch82,Digitizer_run2014_subrun94.csv,94,OK,82,sideband_mean_median,-1.71559,-3.3553458662578968,2.0544805423045283,2.0544805423045283,False,0.798136479023826,0.798136479023826,False,1.846033855041034,1.85,,-0.4025
D_OK_ch82,Digitizer_run2014_subrun94.csv,94,OK,82,sideband_rms_mean,2.188260875912409,3.2912734756744384,1.4897980763310017,1.4897980763310017,False,-0.740377247954617,0.740377247954617,False,1.846033855041034,1.85,,-0.4025
D_OK_ch82,Digitizer_run2014_subrun94.csv,94,OK,82,sideband_rms_std,3.2134411072710236,10.397668123799892,10.437202830757013,10.437202830757013,False,-0.6883287728545365,0.6883287728545365,False,1.846033855041034,1.85,,-0.4025
D_OK_ch82,Digitizer_run2014_subrun94.csv,94,OK,82,pulseArea_min_std,44538.257106413184,32811.99902362617,17796.841137540967,17796.841137540967,False,0.6588954743238922,0.6588954743238922,False,1.846033855041034,1.85,,-0.4025
D_OK_ch82,Digitizer_run2014_subrun94.csv,94,OK,82,pulseDuriation_min_mean,286.59583941605837,332.3849536799846,76.86105496647134,76.86105496647134,False,-0.59573882096597,0.59573882096597,False,1.846033855041034,1.85,,-0.4025
D_OK_ch82,Digitizer_run2014_subrun94.csv,94,OK,82,pulseArea_max_mean,27753.38686131387,24669.623482593564,5389.313682708954,5389.313682708954,False,0.5721996454973916,0.5721996454973916,False,1.846033855041034,1.85,,-0.4025
D_OK_ch82,Digitizer_run2014_subrun94.csv,94,OK,82,nPulses_median,2.0,1.7891026582464404,0.4138431824383967,0.4138431824383967,False,0.509606901123599,0.509606901123599,False,1.846033855041034,1.85,,-0.4025
D_OK_ch82,Digitizer_run2014_subrun94.csv,94,OK,82,pulseHeight_max_median,-48.532,-62.936738551916505,29.009950684145217,29.009950684145217,False,0.49654474455170716,0.49654474455170716,False,1.846033855041034,1.85,,-0.4025
D_OK_ch82,Digitizer_run2014_subrun94.csv,94,OK,82,pulseArea_min_median,1200.0,1399.93449845792,405.3643318801342,405.3643318801342,False,-0.4932217334726934,0.4932217334726934,False,1.846033855041034,1.85,,-0.4025
D_OK_ch82,Digitizer_run2014_subrun94.csv,94,OK,82,pulseDuriation_min_std,501.1089482875812,551.4110035389964,116.05866283415844,116.05866283415844,False,-0.43341922113383397,0.43341922113383397,False,1.846033855041034,1.85,,-0.4025
D_OK_ch82,Digitizer_run2014_subrun94.csv,94,OK,82,pulseHeight_min_mean,-136.1224109489051,-148.23104892204825,30.478881131765075,30.478881131765075,False,0.39727960881488955,0.39727960881488955,False,1.846033855041034,1.85,,-0.4025
D_OK_ch82,Digitizer_run2014_subrun94.csv,94,OK,82,pulseHeight_max_std,445.38963025772784,429.27360514841155,41.45390521367748,41.45390521367748,False,0.3887697679204155,0.3887697679204155,False,1.846033855041034,1.85,,-0.4025
D_OK_ch82,Digitizer_run2014_subrun94.csv,94,OK,82,sideband_mean_mean,-12.240053191970803,-10.051233222477299,6.2201951643110815,6.2201951643110815,False,-0.3518892754446118,0.3518892754446118,False,1.846033855041034,1.85,,-0.4025
D_OK_ch82,Digitizer_run2014_subrun94.csv,94,OK,82,nPulses_std,1.9092495923820862,1.847714927748608,0.1969645495338384,0.1969645495338384,False,0.31241492329007464,0.31241492329007464,False,1.846033855041034,1.85,,-0.4025
D_OK_ch82,Digitizer_run2014_subrun94.csv,94,OK,82,sideband_rms_median,1.77368,2.024152933617274,0.8773028649830326,0.8773028649830326,False,-0.2855033804342112,0.2855033804342112,False,1.846033855041034,1.85,,-0.4025
D_OK_ch82,Digitizer_run2014_subrun94.csv,94,OK,82,pulseDuriation_min_median,154.99,159.8047672198565,17.847962849873003,17.847962849873003,False,-0.26976564554485005,0.26976564554485005,False,1.846033855041034,1.85,,-0.4025
D_OK_ch82,Digitizer_run2014_subrun94.csv,94,OK,82,pulseHeight_min_median,-29.2884,-30.690723997650117,6.865470857298024,6.865470857298024,False,0.20425751223740785,0.20425751223740785,False,1.846033855041034,1.85,,-0.4025
D_OK_ch82,Digitizer_run2014_subrun94.csv,94,OK,82,pulseDuriation_max_std,638.5626230792225,653.6608775074593,78.74313580503494,78.74313580503494,False,-0.19174057870414943,0.19174057870414943,False,1.846033855041034,1.85,,-0.4025
D_OK_ch82,Digitizer_run2014_subrun94.csv,94,OK,82,occupancy,0.1379657603222558,0.1348487729045214,0.02044360754744125,0.02044360754744125,False,0.1524675823726873,0.1524675823726873,False,1.846033855041034,1.85,,-0.4025
D_OK_ch82,Digitizer_run2014_subrun94.csv,94,OK,82,nPulses_mean,2.3649635036496353,2.390918379925519,0.2154801695234934,0.2154801695234934,False,-0.1204513451668418,0.1204513451668418,False,1.846033855041034,1.85,,-0.4025
D_OK_ch82,Digitizer_run2014_subrun94.csv,94,OK,82,pulseArea_min_mean,10574.839416058394,10793.210300233233,3503.6560510957247,3503.6560510957247,False,-0.06232657572267877,0.06232657572267877,False,1.846033855041034,1.85,,-0.4025
D_OK_ch82,Digitizer_run2014_subrun94.csv,94,OK,82,pulseHeight_min_std,281.17081416963913,282.0306503081497,44.83405877879121,44.83405877879121,False,-0.01917819090957041,0.01917819090957041,False,1.846033855041034,1.85,,-0.4025
D_OK_ch82,Digitizer_run2014_subrun94.csv,94,OK,82,pulseHeight_max_mean,-302.04085401459855,-301.79035242837176,54.5156871116386,54.5156871116386,False,-0.004595036759122309,0.004595036759122309,False,1.846033855041034,1.85,,-0.4025
D_OK_ch82,Digitizer_run2014_subrun94.csv,94,OK,82,frac_dead,0.0,0.0,0.0,1e-06,True,0.0,0.0,False,1.846033855041034,1.85,,-0.4025
D_WARN_ch3,Digitizer_run2014_subrun605.csv,605,WARN,3,pulseDuriation_min_mean,707.6636111111111,276.86487608491274,65.23724007449842,65.23724007449842,False,6.603570821424125,6.603570821424125,False,6.603570821424125,6.6,,-0.6071
D_WARN_ch3,Digitizer_run2014_subrun605.csv,605,WARN,3,pulseDuriation_max_mean,865.0247222222222,417.48858875507784,87.99972001101959,87.99972001101959,False,5.085654061298178,5.085654061298178,False,6.603570821424125,6.6,,-0.6071
D_WARN_ch3,Digitizer_run2014_subrun605.csv,605,WARN,3,pulseDuriation_min_std,936.2278529685494,295.5093833387532,137.71196695866732,137.71196695866732,False,4.652598345517065,4.652598345517065,False,6.603570821424125,6.6,,-0.6071
D_WARN_ch3,Digitizer_run2014_subrun605.csv,605,WARN,3,sideband_rms_median,5.04982,1.258135191804964,0.8249668348763384,0.8249668348763384,False,4.596166352267247,4.596166352267247,False,6.603570821424125,6.6,,-0.6071
D_WARN_ch3,Digitizer_run2014_subrun605.csv,605,WARN,3,pulseDuriation_max_std,913.626161436883,328.6241365486686,129.43731758527778,129.43731758527778,False,4.519577783298814,4.519577783298814,False,6.603570821424125,6.6,,-0.6071
D_WARN_ch3,Digitizer_run2014_subrun605.csv,605,WARN,3,sideband_mean_median,-5.53512,-0.6602453511565479,1.462721361736071,1.462721361736071,False,-3.332743184291486,3.332743184291486,False,6.603570821424125,6.6,,-0.6071
D_WARN_ch3,Digitizer_run2014_subrun605.csv,605,WARN,3,pulseHeight_max_mean,-160.19950416666669,-306.78362326988776,50.387523619368814,50.387523619368814,False,2.909135209948571,2.909135209948571,False,6.603570821424125,6.6,,-0.6071
D_WARN_ch3,Digitizer_run2014_subrun605.csv,605,WARN,3,pulseHeight_max_std,240.2639838301756,313.4965450594491,25.909148102475793,25.909148102475793,False,-2.826513667667662,2.826513667667662,False,6.603570821424125,6.6,,-0.6071
D_WARN_ch3,Digitizer_run2014_subrun605.csv,605,WARN,3,pulseHeight_max_median,-23.141199999999998,-170.89030702011965,68.74789390642057,68.74789390642057,False,2.1491437573525567,2.1491437573525567,False,6.603570821424125,6.6,,-0.6071
D_WARN_ch3,Digitizer_run2014_subrun605.csv,605,WARN,3,pulseArea_max_mean,14730.597222222223,27475.174254520225,6840.943915988327,6840.943915988327,False,-1.8629851653237481,1.8629851653237481,False,6.603570821424125,6.6,,-0.6071
D_WARN_ch3,Digitizer_run2014_subrun605.csv,605,WARN,3,pulseHeight_min_median,-23.141199999999998,-52.094180922308894,16.803097991414564,16.803097991414564,False,1.7230739793996463,1.7230739793996463,False,6.603570821424125,6.6,,-0.6071
D_WARN_ch3,Digitizer_run2014_subrun605.csv,605,WARN,3,pulseHeight_min_mean,-117.23640972222223,-174.9883246967115,34.767801808957145,34.767801808957145,False,1.6610746716696587,1.6610746716696587,False,6.603570821424125,6.6,,-0.6071
D_WARN_ch3,Digitizer_run2014_subrun605.csv,605,WARN,3,pulseDuriation_max_median,414.99,345.51761051549335,42.206197562417195,42.206197562417195,False,1.6460234159157905,1.6460234159157905,False,6.603570821424125,6.6,,-0.6071
D_WARN_ch3,Digitizer_run2014_subrun605.csv,605,WARN,3,sideband_rms_mean,5.1224944444444445,2.9338617114916987,1.6112795809525247,1.6112795809525247,False,1.3583196602410321,1.3583196602410321,False,6.603570821424125,6.6,,-0.6071
D_WARN_ch3,Digitizer_run2014_subrun605.csv,605,WARN,3,pulseArea_min_std,14115.522688818866,38230.77473185319,18951.47953026925,18951.47953026925,False,-1.2724733182186387,1.2724733182186387,False,6.603570821424125,6.6,,-0.6071
D_WARN_ch3,Digitizer_run2014_subrun605.csv,605,WARN,3,pulseHeight_min_std,202.74821939219515,245.28821851264846,35.15412383710732,35.15412383710732,False,-1.2100998254876072,1.2100998254876072,False,6.603570821424125,6.6,,-0.6071
D_WARN_ch3,Digitizer_run2014_subrun605.csv,605,WARN,3,pulseArea_min_mean,8719.694444444445,14974.646237393068,5423.149317157848,5423.149317157848,False,-1.1533799693029114,1.1533799693029114,False,6.603570821424125,6.6,,-0.6071
D_WARN_ch3,Digitizer_run2014_subrun605.csv,605,WARN,3,pulseDuriation_min_median,216.24,185.46730944338364,26.92677511584112,26.92677511584112,False,1.1428286686478353,1.1428286686478353,False,6.603570821424125,6.6,,-0.6071
D_WARN_ch3,Digitizer_run2014_subrun605.csv,605,WARN,3,sideband_rms_std,0.9694801081019258,9.46045703239545,8.356359941359138,8.356359941359138,False,-1.0161095242281402,1.0161095242281402,False,6.603570821424125,6.6,,-0.6071
D_WARN_ch3,Digitizer_run2014_subrun605.csv,605,WARN,3,pulseArea_max_std,30692.711360622263,47292.03009331933,16629.045832642423,16629.045832642423,False,-0.998212338804972,0.998212338804972,False,6.603570821424125,6.6,,-0.6071
D_WARN_ch3,Digitizer_run2014_subrun605.csv,605,WARN,3,sideband_mean_std,17.90223071014005,52.850451757875256,37.42371584328082,37.42371584328082,False,-0.9338522447660667,0.9338522447660667,False,6.603570821424125,6.6,,-0.6071
D_WARN_ch3,Digitizer_run2014_subrun605.csv,605,WARN,3,pulseArea_max_median,6658.0,9555.26553091497,3466.6847798143676,3466.6847798143676,False,-0.8357453056548487,0.8357453056548487,False,6.603570821424125,6.6,,-0.6071
D_WARN_ch3,Digitizer_run2014_subrun605.csv,605,WARN,3,sideband_mean_mean,-5.315555423611111,-9.452439753165224,7.692307789591945,7.692307789591945,False,0.5377949560405673,0.5377949560405673,False,6.603570821424125,6.6,,-0.6071
D_WARN_ch3,Digitizer_run2014_subrun605.csv,605,WARN,3,nPulses_median,1.0,1.0831252753708318,0.27069941832777283,0.27069941832777283,False,-0.3070759290298166,0.3070759290298166,False,6.603570821424125,6.6,,-0.6071
D_WARN_ch3,Digitizer_run2014_subrun605.csv,605,WARN,3,occupancy,0.07243460764587525,0.07432094944019971,0.00915025210127714,0.00915025210127714,False,-0.20615189324250074,0.20615189324250074,False,6.603570821424125,6.6,,-0.6071
D_WARN_ch3,Digitizer_run2014_subrun605.csv,605,WARN,3,nPulses_std,1.433379735027928,1.372818650446854,0.3062914935171472,0.3062914935171472,False,0.1977236908725433,0.1977236908725433,False,6.603570821424125,6.6,,-0.6071
D_WARN_ch3,Digitizer_run2014_subrun605.csv,605,WARN,3,nPulses_mean,1.7916666666666667,1.822429963032282,0.22740251200286282,0.22740251200286282,False,-0.13528125126967802,0.13528125126967802,False,6.603570821424125,6.6,,-0.6071
D_WARN_ch3,Digitizer_run2014_subrun605.csv,605,WARN,3,pulseArea_min_median,2106.5,2201.742106036129,929.1850239875738,929.1850239875738,False,-0.10250068993514322,0.10250068993514322,False,6.603570821424125,6.6,,-0.6071
D_WARN_ch3,Digitizer_run2014_subrun605.csv,605,WARN,3,frac_dead,0.0,0.0,0.0,1e-06,True,0.0,0.0,False,6.603570821424125,6.6,,-0.6071
D_WARN_ch82,Digitizer_run2014_subrun605.csv,605,WARN,82,pulseDuriation_max_median,694.99,351.69766632398216,61.38741368863752,61.38741368863752,False,5.592226696782298,5.592226696782298,False,5.592226696782298,5.59,isolation_forest,-0.6469
D_WARN_ch82,Digitizer_run2014_subrun605.csv,605,WARN,82,pulseDuriation_min_mean,712.3793805309734,332.3849536799846,76.86105496647134,76.86105496647134,False,4.943913754719495,4.943913754719495,False,5.592226696782298,5.59,isolation_forest,-0.6469
D_WARN_ch82,Digitizer_run2014_subrun605.csv,605,WARN,82,pulseDuriation_max_mean,1083.0541592920354,610.5813678276857,102.60528013519738,102.60528013519738,False,4.604760991264759,4.604760991264759,False,5.592226696782298,5.59,isolation_forest,-0.6469
D_WARN_ch82,Digitizer_run2014_subrun605.csv,605,WARN,82,occupancy,0.22736418511066397,0.1348487729045214,0.02044360754744125,0.02044360754744125,False,4.525395627530617,4.525395627530617,False,5.592226696782298,5.59,isolation_forest,-0.6469
D_WARN_ch82,Digitizer_run2014_subrun605.csv,605,WARN,82,sideband_rms_median,5.929245,2.024152933617274,0.8773028649830326,0.8773028649830326,False,4.451247365364813,4.451247365364813,False,5.592226696782298,5.59,isolation_forest,-0.6469
D_WARN_ch82,Digitizer_run2014_subrun605.csv,605,WARN,82,pulseDuriation_min_std,969.0066155823091,551.4110035389964,116.05866283415844,116.05866283415844,False,3.59814254141489,3.59814254141489,False,5.592226696782298,5.59,isolation_forest,-0.6469
D_WARN_ch82,Digitizer_run2014_subrun605.csv,605,WARN,82,pulseDuriation_max_std,914.203470713872,653.6608775074593,78.74313580503494,78.74313580503494,False,3.3087657805691966,3.3087657805691966,False,5.592226696782298,5.59,isolation_forest,-0.6469
D_WARN_ch82,Digitizer_run2014_subrun605.csv,605,WARN,82,pulseHeight_max_mean,-134.95636194690266,-301.79035242837176,54.5156871116386,54.5156871116386,False,3.060293271913133,3.060293271913133,False,5.592226696782298,5.59,isolation_forest,-0.6469
D_WARN_ch82,Digitizer_run2014_subrun605.csv,605,WARN,82,pulseHeight_max_std,305.8611352937556,429.27360514841155,41.45390521367748,41.45390521367748,False,-2.9771011734242285,2.9771011734242285,False,5.592226696782298,5.59,isolation_forest,-0.6469
D_WARN_ch82,Digitizer_run2014_subrun605.csv,605,WARN,82,pulseHeight_min_mean,-67.72735796460177,-148.23104892204825,30.478881131765075,30.478881131765075,False,2.6412941672437436,2.6412941672437436,False,5.592226696782298,5.59,isolation_forest,-0.6469
D_WARN_ch82,Digitizer_run2014_subrun605.csv,605,WARN,82,pulseDuriation_min_median,202.49,159.8047672198565,17.847962849873003,17.847962849873003,False,2.391602511680891,2.391602511680891,False,5.592226696782298,5.59,isolation_forest,-0.6469
D_WARN_ch82,Digitizer_run2014_subrun605.csv,605,WARN,82,sideband_rms_mean,6.75979668141593,3.2912734756744384,1.4897980763310017,1.4897980763310017,False,2.3281834369685805,2.3281834369685805,False,5.592226696782298,5.59,isolation_forest,-0.6469
D_WARN_ch82,Digitizer_run2014_subrun605.csv,605,WARN,82,pulseHeight_min_std,180.39518741574562,282.0306503081497,44.83405877879121,44.83405877879121,False,-2.266925316618508,2.266925316618508,False,5.592226696782298,5.59,isolation_forest,-0.6469
D_WARN_ch82,Digitizer_run2014_subrun605.csv,605,WARN,82,sideband_mean_median,-7.886525,-3.3553458662578968,2.0544805423045283,2.0544805423045283,False,-2.205510853200606,2.205510853200606,False,5.592226696782298,5.59,isolation_forest,-0.6469
D_WARN_ch82,Digitizer_run2014_subrun605.csv,605,WARN,82,pulseArea_max_mean,13632.075221238938,24669.623482593564,5389.313682708954,5389.313682708954,False,-2.048043389414767,2.048043389414767,False,5.592226696782298,5.59,isolation_forest,-0.6469
D_WARN_ch82,Digitizer_run2014_subrun605.csv,605,WARN,82,pulseArea_max_median,5297.5,7881.435085915693,1847.980781392475,1847.980781392475,False,-1.3982478129283726,1.3982478129283726,False,5.592226696782298,5.59,isolation_forest,-0.6469
D_WARN_ch82,Digitizer_run2014_subrun605.csv,605,WARN,82,pulseHeight_max_median,-26.7227,-62.936738551916505,29.009950684145217,29.009950684145217,False,1.2483316137351632,1.2483316137351632,False,5.592226696782298,5.59,isolation_forest,-0.6469
D_WARN_ch82,Digitizer_run2014_subrun605.csv,605,WARN,82,pulseHeight_min_median,-22.9265,-30.690723997650117,6.865470857298024,6.865470857298024,False,1.1309091771027933,1.1309091771027933,False,5.592226696782298,5.59,isolation_forest,-0.6469
D_WARN_ch82,Digitizer_run2014_subrun605.csv,605,WARN,82,pulseArea_max_std,31460.594570613877,48087.97526360311,15201.156857353628,15201.156857353628,False,-1.0938233746957005,1.0938233746957005,False,5.592226696782298,5.59,isolation_forest,-0.6469
D_WARN_ch82,Digitizer_run2014_subrun605.csv,605,WARN,82,pulseArea_min_median,974.0,1399.93449845792,405.3643318801342,405.3643318801342,False,-1.0507448854278287,1.0507448854278287,False,5.592226696782298,5.59,isolation_forest,-0.6469
D_WARN_ch82,Digitizer_run2014_subrun605.csv,605,WARN,82,pulseArea_min_mean,7200.517699115044,10793.210300233233,3503.6560510957247,3503.6560510957247,False,-1.0254124687823223,1.0254124687823223,False,5.592226696782298,5.59,isolation_forest,-0.6469
D_WARN_ch82,Digitizer_run2014_subrun605.csv,605,WARN,82,sideband_mean_std,14.69713063457812,55.22668906052091,44.708809867882486,44.708809867882486,False,-0.9065228653079861,0.9065228653079861,False,5.592226696782298,5.59,isolation_forest,-0.6469
D_WARN_ch82,Digitizer_run2014_subrun605.csv,605,WARN,82,nPulses_mean,2.504424778761062,2.390918379925519,0.2154801695234934,0.2154801695234934,False,0.5267603004329711,0.5267603004329711,False,5.592226696782298,5.59,isolation_forest,-0.6469
D_WARN_ch82,Digitizer_run2014_subrun605.csv,605,WARN,82,pulseArea_min_std,23525.19685806681,32811.99902362617,17796.841137540967,17796.841137540967,False,-0.5218230636429978,0.5218230636429978,False,5.592226696782298,5.59,isolation_forest,-0.6469
D_WARN_ch82,Digitizer_run2014_subrun605.csv,605,WARN,82,nPulses_median,2.0,1.7891026582464404,0.4138431824383967,0.4138431824383967,False,0.509606901123599,0.509606901123599,False,5.592226696782298,5.59,isolation_forest,-0.6469
D_WARN_ch82,Digitizer_run2014_subrun605.csv,605,WARN,82,nPulses_std,1.7644584629993285,1.847714927748608,0.1969645495338384,0.1969645495338384,False,-0.4226977136054429,0.4226977136054429,False,5.592226696782298,5.59,isolation_forest,-0.6469
D_WARN_ch82,Digitizer_run2014_subrun605.csv,605,WARN,82,sideband_mean_mean,-7.628376814159292,-10.051233222477299,6.2201951643110815,6.2201951643110815,False,0.38951453199079006,0.38951453199079006,False,5.592226696782298,5.59,isolation_forest,-0.6469
D_WARN_ch82,Digitizer_run2014_subrun605.csv,605,WARN,82,sideband_rms_std,8.300767749849223,10.397668123799892,10.437202830757013,10.437202830757013,False,-0.20090635469604845,0.20090635469604845,False,5.592226696782298,5.59,isolation_forest,-0.6469
D_WARN_ch82,Digitizer_run2014_subrun605.csv,605,WARN,82,frac_dead,0.0,0.0,0.0,1e-06,True,0.0,0.0,False,5.592226696782298,5.59,isolation_forest,-0.6469
