run,subrun,filename,strict_status,channel,is_target_channel,nPulses_mean,nPulses_std,nPulses_median,occupancy,frac_dead,reference_nPulses_median_mean,reference_nPulses_median_raw_std,reference_nPulses_median_std_used,z_nPulses_median,abs_z_over_8,abs_z_over_15
2088,396,Digitizer_run2088_subrun396.csv,ALERT,0,False,1.2857142857142858,0.5606119105813882,1.0,0.02108433734939759,0.0,1.0006609870740304,0.021839016680118065,0.021839016680118065,-0.030266338622844134,False,False
2088,396,Digitizer_run2088_subrun396.csv,ALERT,1,False,1.2380952380952381,0.6248809410409238,1.0,0.02108433734939759,0.0,1.0176263219741484,0.12588397270224438,0.12588397270224438,-0.14002038222800792,False,False
2088,396,Digitizer_run2088_subrun396.csv,ALERT,2,False,1.3863636363636365,0.7222673952732752,1.0,0.04417670682730924,0.0,1.0102070788662025,0.09698086562649692,0.09698086562649692,-0.10524837863907224,False,False
2088,396,Digitizer_run2088_subrun396.csv,ALERT,3,False,2.4477611940298507,2.098221339752432,2.0,0.06726907630522089,0.0,1.0831252753708318,0.27069941832777283,0.27069941832777283,3.3870583479384595,False,False
2088,396,Digitizer_run2088_subrun396.csv,ALERT,4,False,1.4444444444444444,0.7510676161988108,1.0,0.02710843373493976,0.0,1.0,0.0,1e-06,0.0,False,False
2088,396,Digitizer_run2088_subrun396.csv,ALERT,5,False,1.6153846153846154,0.9413574486632834,1.0,0.02610441767068273,0.0,1.0013219741480621,0.034254058386733184,0.034254058386733184,-0.03859321231770104,False,False
2088,396,Digitizer_run2088_subrun396.csv,ALERT,6,False,1.5675675675675675,0.7280316133452103,1.0,0.03714859437751004,0.0,1.0257747099427235,0.15340007006459264,0.15340007006459264,-0.16802280423907515,False,False
2088,396,Digitizer_run2088_subrun396.csv,ALERT,7,False,1.3571428571428572,0.6446583712203042,1.0,0.05622489959839357,0.0,1.0005140255544118,0.021841364909573904,0.021841364909573904,-0.023534497799929447,False,False
2088,396,Digitizer_run2088_subrun396.csv,ALERT,8,False,1.675,1.1851106190930785,1.0,0.040160642570281124,0.0,1.166201527614567,0.3627185858866455,0.3627185858866455,-0.4582106737329065,False,False
2088,396,Digitizer_run2088_subrun396.csv,ALERT,9,False,1.4242424242424243,0.7084447327730932,1.0,0.03313253012048193,0.0,1.0126321974148078,0.10594382409297862,0.10594382409297862,-0.1192348635982926,False,False
2088,396,Digitizer_run2088_subrun396.csv,ALERT,10,False,1.55,0.8755950357709132,1.0,0.040160642570281124,0.0,1.003525264394829,0.05926919018998115,0.05926919018998115,-0.059478868928849134,False,False
2088,396,Digitizer_run2088_subrun396.csv,ALERT,11,False,1.5555555555555556,0.8133979109981545,1.0,0.045180722891566265,0.0,1.010355464159813,0.0973502795860281,0.0973502795860281,-0.10637323491877426,False,False
2088,396,Digitizer_run2088_subrun396.csv,ALERT,12,False,1.2647058823529411,0.511019392943506,1.0,0.03413654618473896,0.0,1.0019092377735357,0.04280374239012398,0.04280374239012398,-0.04460445902450349,False,False
2088,396,Digitizer_run2088_subrun396.csv,ALERT,13,False,1.5,0.7071067811865476,1.0,0.03413654618473896,0.0,1.0022032902467664,0.04529403649936461,0.04529403649936461,-0.048644157532686715,False,False
2088,396,Digitizer_run2088_subrun396.csv,ALERT,14,False,1.6363636363636365,1.0802865487842306,1.0,0.04417670682730924,0.0,1.0033049353701542,0.05577100726890122,0.05577100726890122,-0.05925902242036567,False,False
2088,396,Digitizer_run2088_subrun396.csv,ALERT,15,False,1.3076923076923077,0.6941047302231982,1.0,0.0391566265060241,0.0,1.0027908343125727,0.05062328053115834,0.05062328053115834,-0.055129463821589196,False,False
2088,396,Digitizer_run2088_subrun396.csv,ALERT,16,False,1.7567567567567568,1.0904995136125413,1.0,0.03714859437751004,0.0,1.1844888366627526,0.3772274272856251,0.3772274272856251,-0.48906527818048423,False,False
2088,396,Digitizer_run2088_subrun396.csv,ALERT,17,False,1.7575757575757576,1.1188806636071336,1.0,0.03313253012048193,0.0,1.1612808460634536,0.35653493635752975,0.35653493635752975,-0.45235636011199404,False,False
2088,396,Digitizer_run2088_subrun396.csv,ALERT,18,False,1.4444444444444444,0.6979824404521128,1.0,0.02710843373493976,0.0,1.0098428088732194,0.09376048537847204,0.09376048537847204,-0.1049782201264008,False,False
2088,396,Digitizer_run2088_subrun396.csv,ALERT,19,False,1.3214285714285714,0.5479640045336466,1.0,0.028112449799196786,0.0,1.0393712354928786,0.18755480424780255,0.18755480424780255,-0.20991856567353093,False,False
2088,396,Digitizer_run2088_subrun396.csv,ALERT,20,False,1.6451612903225807,1.1120068074364229,1.0,0.03112449799196787,0.0,1.0087397179788484,0.08842364341002924,0.08842364341002924,-0.09883915253662964,False,False
2088,396,Digitizer_run2088_subrun396.csv,ALERT,21,False,1.5,0.762000762001143,1.0,0.0321285140562249,0.0,1.0082990599294928,0.0859394608965333,0.0859394608965333,-0.09656867570398656,False,False
2088,396,Digitizer_run2088_subrun396.csv,ALERT,22,False,1.1612903225806452,0.4543694673976518,1.0,0.03112449799196787,0.0,1.0004405933323521,0.020985690597874602,0.020985690597874602,-0.020994940828716762,False,False
2088,396,Digitizer_run2088_subrun396.csv,ALERT,23,False,1.3703703703703705,0.6292943635623919,1.0,0.02710843373493976,0.0,1.0,0.0,1e-06,0.0,False,False
2088,396,Digitizer_run2088_subrun396.csv,ALERT,24,False,1.8439024390243903,1.1819825445129204,2.0,0.20582329317269077,0.0,1.1186104582843688,0.31649985541942677,0.31649985541942677,2.7848023517976355,False,False
2088,396,Digitizer_run2088_subrun396.csv,ALERT,25,False,1.395973154362416,0.7136834026911969,1.0,0.2991967871485944,0.0,1.0,0.0,1e-06,0.0,False,False
2088,396,Digitizer_run2088_subrun396.csv,ALERT,26,False,1.5272727272727273,0.6899958522297622,1.0,0.055220883534136546,0.0,1.0040387722132456,0.06195869573440901,0.06195869573440901,-0.065184913358378,False,False
2088,396,Digitizer_run2088_subrun396.csv,ALERT,27,False,1.5535714285714286,0.7843849439272406,1.0,0.05622489959839357,0.0,1.0003671611102933,0.018174437872593627,0.018174437872593627,-0.02020206142644995,False,False
2088,396,Digitizer_run2088_subrun396.csv,ALERT,28,False,1.8780487804878048,1.0702514288931724,2.0,0.0823293172690763,0.0,1.0350271699221638,0.17765298904495008,0.17765298904495008,5.431784937959456,False,False
2088,396,Digitizer_run2088_subrun396.csv,ALERT,29,False,1.6081081081081081,0.8571626908373317,1.0,0.07429718875502007,0.0,1.0015420766632432,0.03876831891860933,0.03876831891860933,-0.039776722495517426,False,False
2088,396,Digitizer_run2088_subrun396.csv,ALERT,30,False,1.5492957746478873,0.8583827383826635,1.0,0.071285140562249,0.0,1.0055808488764861,0.07400182957363814,0.07400182957363814,-0.07541501215091867,False,False
2088,396,Digitizer_run2088_subrun396.csv,ALERT,31,False,1.5396825396825398,0.8196261308472539,1.0,0.06325301204819277,0.0,1.0002937288882345,0.01713600337232615,0.01713600337232615,-0.017141038190322318,False,False
2088,396,Digitizer_run2088_subrun396.csv,ALERT,32,False,1.5333333333333334,0.8420753583206846,1.0,0.045180722891566265,0.0,1.0061692126909563,0.07543537271315039,0.07543537271315039,-0.08178143050230882,False,False
2088,396,Digitizer_run2088_subrun396.csv,ALERT,33,False,1.530612244897959,0.7101068234288922,1.0,0.04919678714859438,0.0,1.0188014101057628,0.13226170260835177,0.13226170260835177,-0.1421530929587135,False,False
2088,396,Digitizer_run2088_subrun396.csv,ALERT,34,False,1.639344262295082,1.2914176562373343,1.0,0.06124497991967871,0.0,1.0013219741480586,0.034254058386733205,0.034254058386733205,-0.0385932123175973,False,False
2088,396,Digitizer_run2088_subrun396.csv,ALERT,35,False,1.4848484848484849,0.8456663143057757,1.0,0.06626506024096386,0.0,1.0000734430082254,0.0060593820012730054,0.0060593820012730054,-0.012120544340990086,False,False
2088,396,Digitizer_run2088_subrun396.csv,ALERT,36,False,1.6290322580645162,0.8913771067754332,1.0,0.06224899598393574,0.0,1.0050668233220736,0.06916746233808184,0.06916746233808184,-0.07325443424984496,False,False
2088,396,Digitizer_run2088_subrun396.csv,ALERT,37,False,1.4326923076923077,0.9323154501460493,1.0,0.10441767068273092,0.0,1.0000734322220561,0.006058937096412474,0.006058937096412474,-0.012119654138613722,False,False
2088,396,Digitizer_run2088_subrun396.csv,ALERT,38,False,1.4594594594594594,0.686248271483996,1.0,0.07429718875502007,0.0,1.0002937720329026,0.014840576898137581,0.014840576898137581,-0.019795189561630986,False,False
2088,396,Digitizer_run2088_subrun396.csv,ALERT,39,False,1.3209876543209877,0.6088341419021103,1.0,0.08132530120481928,0.0,1.0003672150411222,0.024982608411279122,0.024982608411279122,-0.014698827083102287,False,False
2088,396,Digitizer_run2088_subrun396.csv,ALERT,40,False,1.558139534883721,0.7653920744856801,1.0,0.04317269076305221,0.0,1.006022326674499,0.07297308532531452,0.07297308532531452,-0.08252805329048929,False,False
2088,396,Digitizer_run2088_subrun396.csv,ALERT,41,False,1.509433962264151,1.049223916657413,1.0,0.05321285140562249,0.0,1.0002937720329006,0.02423752800509203,0.02423752800509203,-0.012120544340944277,False,False
2088,396,Digitizer_run2088_subrun396.csv,ALERT,42,False,1.3181818181818181,0.703773973405264,1.0,0.08835341365461848,0.0,1.0,0.0,1e-06,0.0,False,False
2088,396,Digitizer_run2088_subrun396.csv,ALERT,43,False,1.3137254901960784,0.5827588207288286,1.0,0.05120481927710843,0.0,1.0022036139268429,0.04364565066826379,0.04364565066826379,-0.05048874041520922,False,False
2088,396,Digitizer_run2088_subrun396.csv,ALERT,44,False,1.5454545454545454,1.05512402744261,1.0,0.06626506024096386,0.0,1.0539726832133942,0.2197860877146835,0.2197860877146835,-0.24556915214514916,False,False
2088,396,Digitizer_run2088_subrun396.csv,ALERT,45,False,1.6031746031746033,1.1149957694073154,1.0,0.06325301204819277,0.0,1.0055074166544273,0.07122645431928899,0.07122645431928899,-0.07732262832765856,False,False
2088,396,Digitizer_run2088_subrun396.csv,ALERT,46,False,1.55,0.9264058765472432,1.0,0.08032128514056225,0.0,1.0010282021151597,0.035319597113300544,0.035319597113300544,-0.02911137722951408,False,False
2088,396,Digitizer_run2088_subrun396.csv,ALERT,47,False,1.452054794520548,0.7079135205033278,1.0,0.07329317269076305,0.0,1.0,0.0,1e-06,0.0,False,False
2088,396,Digitizer_run2088_subrun396.csv,ALERT,48,False,1.5968992248062015,0.8417082856036713,1.0,0.25903614457831325,0.0,1.0023498311058938,0.04917053611383658,0.04917053611383658,-0.0477894139785996,False,False
2088,396,Digitizer_run2088_subrun396.csv,ALERT,49,False,1.481848184818482,0.7924523196146177,1.0,0.3042168674698795,0.0,1.0006608899985303,0.04884782944337074,0.04884782944337074,-0.013529567353580803,False,False
2088,396,Digitizer_run2088_subrun396.csv,ALERT,50,False,1.22,0.5427204202399746,1.0,0.10040160642570281,0.0,1.0,0.0,1e-06,0.0,False,False
2088,396,Digitizer_run2088_subrun396.csv,ALERT,51,False,1.2391304347826086,0.5619738607466064,1.0,0.09236947791164658,0.0,1.0,0.0,1e-06,0.0,False,False
2088,396,Digitizer_run2088_subrun396.csv,ALERT,52,False,1.2890625,0.6890863944783108,1.0,0.1285140562248996,0.0,1.0001468644441178,0.012117874192824951,0.012117874192824951,-0.012119654139071812,False,False
2088,396,Digitizer_run2088_subrun396.csv,ALERT,53,False,1.1774193548387097,0.46061795002204076,1.0,0.12449799196787148,0.0,1.0000734322220561,0.006058937096412474,0.006058937096412474,-0.012119654138613722,False,False
2088,396,Digitizer_run2088_subrun396.csv,ALERT,54,False,1.2461538461538462,0.5979491884448349,1.0,0.13052208835341367,0.0,1.0001468644441185,0.012117874192824955,0.012117874192824955,-0.012119654139126778,False,False
2088,396,Digitizer_run2088_subrun396.csv,ALERT,55,False,2.2244897959183674,2.050044832010102,1.0,0.14759036144578314,0.0,1.000440593332354,0.020985690597874588,0.020985690597874588,-0.02099494082880142,False,False
2088,396,Digitizer_run2088_subrun396.csv,ALERT,56,False,2.586206896551724,2.161415315259626,2.0,0.1746987951807229,0.0,1.261345278308119,0.43529583164131974,0.43529583164131974,1.696902814131532,False,False
2088,396,Digitizer_run2088_subrun396.csv,ALERT,57,False,1.2540983606557377,0.6240559867053155,1.0,0.12248995983935743,0.0,1.0,0.0,1e-06,0.0,False,False
2088,396,Digitizer_run2088_subrun396.csv,ALERT,58,False,1.2764227642276422,0.6180457435472609,1.0,0.12349397590361445,0.0,1.0,0.0,1e-06,0.0,False,False
2088,396,Digitizer_run2088_subrun396.csv,ALERT,59,False,1.3362068965517242,0.7094880642712239,1.0,0.11646586345381527,0.0,1.000146886016451,0.012118764002546011,0.012118764002546011,-0.012120544341008408,False,False
2088,396,Digitizer_run2088_subrun396.csv,ALERT,60,False,1.4017094017094016,0.7078358111273364,1.0,0.11746987951807229,0.0,1.0001468644441178,0.012117874192824951,0.012117874192824951,-0.012119654139071812,False,False
2088,396,Digitizer_run2088_subrun396.csv,ALERT,61,False,1.3388429752066116,0.6265476705495556,1.0,0.1214859437751004,0.0,1.0001468644441178,0.012117874192824951,0.012117874192824951,-0.012119654139071812,False,False
2088,396,Digitizer_run2088_subrun396.csv,ALERT,62,False,1.1825396825396826,0.46304718810581114,1.0,0.12650602409638553,0.0,1.0,0.0,1e-06,0.0,False,False
2088,396,Digitizer_run2088_subrun396.csv,ALERT,63,False,1.404040404040404,0.9467365204570816,1.0,0.09939759036144578,0.0,1.0001468644441178,0.012117874192824951,0.012117874192824951,-0.012119654139071812,False,False
2088,396,Digitizer_run2088_subrun396.csv,ALERT,64,False,1.3823529411764706,0.9216160339761872,1.0,0.03413654618473896,0.0,1.0013219741480597,0.0342540583867332,0.0342540583867332,-0.038593212317629716,False,False
2088,396,Digitizer_run2088_subrun396.csv,ALERT,65,False,1.5405405405405406,1.0163823262104832,1.0,0.03714859437751004,0.0,1.006462984723852,0.0758961624740207,0.0758961624740207,-0.08515561937751816,False,False
2088,396,Digitizer_run2088_subrun396.csv,ALERT,66,False,1.5813953488372092,1.028928201936246,1.0,0.04317269076305221,0.0,1.0025705052878953,0.04725890660442968,0.04725890660442968,-0.054391975451550646,False,False
2088,396,Digitizer_run2088_subrun396.csv,ALERT,67,False,1.3272727272727274,0.6953428532038591,1.0,0.055220883534136546,0.0,1.000146886016451,0.012118764002546011,0.012118764002546011,-0.012120544341008408,False,False
2088,396,Digitizer_run2088_subrun396.csv,ALERT,68,False,1.9622641509433962,1.1259570997248962,2.0,0.05321285140562249,0.0,1.285472972972969,0.4413174108763788,0.4413174108763788,1.6190773566084915,False,False
2088,396,Digitizer_run2088_subrun396.csv,ALERT,69,True,1.9387755102040816,1.2975644374703537,2.0,0.04919678714859438,0.0,1.0,0.0,1e-06,1000000.0,True,True
2088,396,Digitizer_run2088_subrun396.csv,ALERT,70,False,1.65,1.2732581987475933,1.0,0.060240963855421686,0.0,1.0075635188720775,0.08383914724619386,0.08383914724619386,-0.09021464459636286,False,False
2088,396,Digitizer_run2088_subrun396.csv,ALERT,71,False,1.8565737051792828,1.259899445807409,1.0,0.2520080321285141,0.0,1.0735790865031518,0.25854095330422205,0.25854095330422205,-0.28459354528863434,False,False
2088,396,Digitizer_run2088_subrun396.csv,ALERT,72,False,3.8222222222222224,2.196260122371106,4.0,0.45180722891566266,0.0,2.6573652518725215,0.5491863877086711,0.5491863877086711,2.4447706246494056,False,False
2088,396,Digitizer_run2088_subrun396.csv,ALERT,73,False,1.4375,0.8205049338405547,1.0,0.1285140562248996,0.0,1.0005140255544125,0.02184136490957389,0.02184136490957389,-0.02353449779995996,False,False
2088,396,Digitizer_run2088_subrun396.csv,ALERT,74,False,1.5441176470588236,0.8540303662924434,1.0,0.06827309236947791,0.0,1.0270230577177217,0.1556814370811686,0.1556814370811686,-0.1735791898145991,False,False
2088,396,Digitizer_run2088_subrun396.csv,ALERT,75,False,1.3770491803278688,0.7109602526684011,1.0,0.06124497991967871,0.0,1.0047730944338322,0.06757759575640168,0.06757759575640168,-0.07063131471912519,False,False
2088,396,Digitizer_run2088_subrun396.csv,ALERT,76,False,2.0,1.4385284709903072,1.0,0.1746987951807229,0.0,1.0059480099867821,0.07569049219572911,0.07569049219572911,-0.07858331759028715,False,False
2088,396,Digitizer_run2088_subrun396.csv,ALERT,77,False,1.5121951219512195,0.9518915699677194,1.0,0.04116465863453815,0.0,1.0454612220916588,0.19958084446821958,0.19958084446821958,-0.22778349401611972,False,False
2088,396,Digitizer_run2088_subrun396.csv,ALERT,78,False,2.2635658914728682,1.656046590551582,1.0,0.12951807228915663,0.0,1.0788662064914092,0.26458036202813257,0.26458036202813257,-0.2980803483934436,False,False
2088,396,Digitizer_run2088_subrun396.csv,ALERT,79,False,1.3333333333333333,0.47946330148538413,1.0,0.030120481927710843,0.0,1.0090321633132648,0.09044083705674406,0.09044083705674406,-0.09986819679253868,False,False
2088,396,Digitizer_run2088_subrun396.csv,ALERT,80,False,2.4497354497354498,1.8461755851876642,2.0,0.1897590361445783,0.0,1.2117050961962126,0.40585686872347315,0.40585686872347315,1.9422978013977752,False,False
2088,396,Digitizer_run2088_subrun396.csv,ALERT,81,False,1.329268292682927,0.8173259326711726,1.0,0.0823293172690763,0.0,1.000293772032902,0.01484057689813756,0.01484057689813756,-0.01979518956158613,False,False
2088,396,Digitizer_run2088_subrun396.csv,ALERT,82,False,3.187878787878788,2.229480631819227,2.0,0.16566265060240964,0.0,1.7891026582464404,0.4138431824383967,0.4138431824383967,0.509606901123599,False,False
2088,396,Digitizer_run2088_subrun396.csv,ALERT,83,False,1.5,1.224744871391589,1.0,0.05421686746987952,0.0,1.0013952122191219,0.03582062630520029,0.03582062630520029,-0.038949967184669664,False,False
2088,396,Digitizer_run2088_subrun396.csv,ALERT,84,False,1.575,0.7807787039970959,1.0,0.040160642570281124,0.0,1.0773975620502307,0.2572809586283391,0.2572809586283391,-0.3008289554845646,False,False
2088,396,Digitizer_run2088_subrun396.csv,ALERT,85,False,1.5151515151515151,0.7953463129830662,1.0,0.03313253012048193,0.0,1.0563959465413444,0.22208902716235054,0.22208902716235054,-0.25393396180765865,False,False
2088,396,Digitizer_run2088_subrun396.csv,ALERT,86,False,1.425,0.6751068291531577,1.0,0.040160642570281124,0.0,1.022620446533494,0.14315381850007344,0.14315381850007344,-0.15801497138186668,False,False
2088,396,Digitizer_run2088_subrun396.csv,ALERT,87,False,1.46875,0.7120003121097942,1.0,0.0642570281124498,0.0,1.002423619271448,0.045686450989950694,0.045686450989950694,-0.05304897226490778,False,False
2088,396,Digitizer_run2088_subrun396.csv,ALERT,88,False,1.375,0.6724043869387439,1.0,0.04819277108433735,0.0,1.0245263621677179,0.14862373355242145,0.14862373355242145,-0.16502318695329443,False,False
2088,396,Digitizer_run2088_subrun396.csv,ALERT,89,False,1.3333333333333333,0.5773502691896258,1.0,0.0572289156626506,0.0,1.001909237773529,0.04193719280711395,0.04193719280711395,-0.045526122416213705,False,False
2088,396,Digitizer_run2088_subrun396.csv,ALERT,90,False,1.5925925925925926,1.3106028933643628,1.0,0.05421686746987952,0.0,1.0047730944338344,0.06811874683429432,0.06811874683429432,-0.0700702032209353,False,False
2088,396,Digitizer_run2088_subrun396.csv,ALERT,91,False,1.4814814814814814,0.7948119687626313,1.0,0.05421686746987952,0.0,1.008958731091199,0.09024494450022093,0.09024494450022093,-0.09927127930337419,False,False
2088,396,Digitizer_run2088_subrun396.csv,ALERT,92,False,2.4047619047619047,1.7977164069944545,2.0,0.08433734939759036,0.0,1.3614333969745962,0.4700631646599074,0.4700631646599074,1.3584697781784483,False,False
2088,396,Digitizer_run2088_subrun396.csv,ALERT,93,False,2.9838709677419355,1.8530249370335152,2.0,0.37349397590361444,0.0,1.6060361286532518,0.7828986057734849,0.7828986057734849,0.5032118698915313,False,False
2088,396,Digitizer_run2088_subrun396.csv,ALERT,94,False,1.6428571428571428,0.9323829573164005,1.0,0.04216867469879518,0.0,1.0101336466441453,0.09488363789933676,0.09488363789933676,-0.1068007811304221,False,False
2088,396,Digitizer_run2088_subrun396.csv,ALERT,95,False,1.5714285714285714,0.8006965608633506,1.0,0.04216867469879518,0.0,1.0217359377294788,0.13990906201221617,0.13990906201221617,-0.15535761170052673,False,False
2089,270,Digitizer_run2089_subrun270.csv,ALERT,0,False,1.3235294117647058,0.7675458030077391,1.0,0.034170854271356785,0.0,1.0006609870740304,0.021839016680118065,0.021839016680118065,-0.030266338622844134,False,False
2089,270,Digitizer_run2089_subrun270.csv,ALERT,1,False,1.4814814814814814,0.8489980687832691,1.0,0.027135678391959798,0.0,1.0176263219741484,0.12588397270224438,0.12588397270224438,-0.14002038222800792,False,False
2089,270,Digitizer_run2089_subrun270.csv,ALERT,2,False,1.5483870967741935,0.7676244601548059,1.0,0.031155778894472363,0.0,1.0102070788662025,0.09698086562649692,0.09698086562649692,-0.10524837863907224,False,False
2089,270,Digitizer_run2089_subrun270.csv,ALERT,3,False,2.490566037735849,2.0250606971856233,2.0,0.053266331658291456,0.0,1.0831252753708318,0.27069941832777283,0.27069941832777283,3.3870583479384595,False,False
2089,270,Digitizer_run2089_subrun270.csv,ALERT,4,False,1.0930232558139534,0.293902598732179,1.0,0.04321608040201005,0.0,1.0,0.0,1e-06,0.0,False,False
2089,270,Digitizer_run2089_subrun270.csv,ALERT,5,False,1.236842105263158,0.48957844670341566,1.0,0.03819095477386935,0.0,1.0013219741480621,0.034254058386733184,0.034254058386733184,-0.03859321231770104,False,False
2089,270,Digitizer_run2089_subrun270.csv,ALERT,6,False,1.6756756756756757,1.0815126766107135,1.0,0.0371859296482412,0.0,1.0257747099427235,0.15340007006459264,0.15340007006459264,-0.16802280423907515,False,False
2089,270,Digitizer_run2089_subrun270.csv,ALERT,7,False,1.5192307692307692,1.1460141431455342,1.0,0.05226130653266332,0.0,1.0005140255544118,0.021841364909573904,0.021841364909573904,-0.023534497799929447,False,False
2089,270,Digitizer_run2089_subrun270.csv,ALERT,8,False,1.5510204081632653,0.9367769320431429,1.0,0.04924623115577889,0.0,1.166201527614567,0.3627185858866455,0.3627185858866455,-0.4582106737329065,False,False
2089,270,Digitizer_run2089_subrun270.csv,ALERT,9,False,1.435897435897436,0.8520832611550475,1.0,0.03919597989949749,0.0,1.0126321974148078,0.10594382409297862,0.10594382409297862,-0.1192348635982926,False,False
2089,270,Digitizer_run2089_subrun270.csv,ALERT,10,False,1.3823529411764706,0.7790711595597375,1.0,0.034170854271356785,0.0,1.003525264394829,0.05926919018998115,0.05926919018998115,-0.059478868928849134,False,False
2089,270,Digitizer_run2089_subrun270.csv,ALERT,11,False,1.425,0.6751068291531577,1.0,0.04020100502512563,0.0,1.010355464159813,0.0973502795860281,0.0973502795860281,-0.10637323491877426,False,False
2089,270,Digitizer_run2089_subrun270.csv,ALERT,12,False,1.225,0.5304811555656397,1.0,0.04020100502512563,0.0,1.0019092377735357,0.04280374239012398,0.04280374239012398,-0.04460445902450349,False,False
2089,270,Digitizer_run2089_subrun270.csv,ALERT,13,False,1.2391304347826086,0.48003623051671385,1.0,0.04623115577889447,0.0,1.0022032902467664,0.04529403649936461,0.04529403649936461,-0.048644157532686715,False,False
2089,270,Digitizer_run2089_subrun270.csv,ALERT,14,False,1.2222222222222223,0.48468611999997985,1.0,0.036180904522613064,0.0,1.0033049353701542,0.05577100726890122,0.05577100726890122,-0.05925902242036567,False,False
2089,270,Digitizer_run2089_subrun270.csv,ALERT,15,False,1.3478260869565217,0.6043321862224019,1.0,0.04623115577889447,0.0,1.0027908343125727,0.05062328053115834,0.05062328053115834,-0.055129463821589196,False,False
2089,270,Digitizer_run2089_subrun270.csv,ALERT,16,False,1.6388888888888888,0.8992942559196955,1.0,0.036180904522613064,0.0,1.1844888366627526,0.3772274272856251,0.3772274272856251,-0.48906527818048423,False,False
2089,270,Digitizer_run2089_subrun270.csv,ALERT,17,False,1.5833333333333333,0.806225774829855,1.0,0.036180904522613064,0.0,1.1612808460634536,0.35653493635752975,0.35653493635752975,-0.45235636011199404,False,False
2089,270,Digitizer_run2089_subrun270.csv,ALERT,18,False,1.608695652173913,0.8913284485317718,1.0,0.023115577889447236,0.0,1.0098428088732194,0.09376048537847204,0.09376048537847204,-0.1049782201264008,False,False
2089,270,Digitizer_run2089_subrun270.csv,ALERT,19,False,1.1851851851851851,0.4833407013879895,1.0,0.027135678391959798,0.0,1.0393712354928786,0.18755480424780255,0.18755480424780255,-0.20991856567353093,False,False
2089,270,Digitizer_run2089_subrun270.csv,ALERT,20,False,1.5454545454545454,0.9264723154925933,1.0,0.044221105527638194,0.0,1.0087397179788484,0.08842364341002924,0.08842364341002924,-0.09883915253662964,False,False
2089,270,Digitizer_run2089_subrun270.csv,ALERT,21,False,1.5333333333333334,0.7760791522613609,1.0,0.03015075376884422,0.0,1.0082990599294928,0.0859394608965333,0.0859394608965333,-0.09656867570398656,False,False
2089,270,Digitizer_run2089_subrun270.csv,ALERT,22,False,1.4411764705882353,0.7045813917578353,1.0,0.034170854271356785,0.0,1.0004405933323521,0.020985690597874602,0.020985690597874602,-0.020994940828716762,False,False
2089,270,Digitizer_run2089_subrun270.csv,ALERT,23,True,1.6923076923076923,0.7883771061734742,2.0,0.02613065326633166,0.0,1.0,0.0,1e-06,1000000.0,True,True
2089,270,Digitizer_run2089_subrun270.csv,ALERT,24,False,1.9276018099547512,1.1136378327545104,2.0,0.2221105527638191,0.0,1.1186104582843688,0.31649985541942677,0.31649985541942677,2.7848023517976355,False,False
2089,270,Digitizer_run2089_subrun270.csv,ALERT,25,False,1.3928571428571428,0.6788193566325591,1.0,0.30954773869346736,0.0,1.0,0.0,1e-06,0.0,False,False
2089,270,Digitizer_run2089_subrun270.csv,ALERT,26,False,1.5692307692307692,0.8472239736565895,1.0,0.06532663316582915,0.0,1.0040387722132456,0.06195869573440901,0.06195869573440901,-0.065184913358378,False,False
2089,270,Digitizer_run2089_subrun270.csv,ALERT,27,False,1.3709677419354838,0.6831429528468589,1.0,0.062311557788944726,0.0,1.0003671611102933,0.018174437872593627,0.018174437872593627,-0.02020206142644995,False,False
2089,270,Digitizer_run2089_subrun270.csv,ALERT,28,False,1.5813953488372092,0.9388994343074332,1.0,0.0864321608040201,0.0,1.0350271699221638,0.17765298904495008,0.17765298904495008,-0.19716622900896522,False,False
2089,270,Digitizer_run2089_subrun270.csv,ALERT,29,False,1.5,0.7939992333804207,1.0,0.07035175879396985,0.0,1.0015420766632432,0.03876831891860933,0.03876831891860933,-0.039776722495517426,False,False
2089,270,Digitizer_run2089_subrun270.csv,ALERT,30,False,1.6444444444444444,1.0738056978123103,1.0,0.09045226130653267,0.0,1.0055808488764861,0.07400182957363814,0.07400182957363814,-0.07541501215091867,False,False
2089,270,Digitizer_run2089_subrun270.csv,ALERT,31,False,1.3783783783783783,0.73471087786057,1.0,0.0743718592964824,0.0,1.0002937288882345,0.01713600337232615,0.01713600337232615,-0.017141038190322318,False,False
2089,270,Digitizer_run2089_subrun270.csv,ALERT,32,False,1.5666666666666667,0.8510545137126847,1.0,0.06030150753768844,0.0,1.0061692126909563,0.07543537271315039,0.07543537271315039,-0.08178143050230882,False,False
2089,270,Digitizer_run2089_subrun270.csv,ALERT,33,False,1.8620689655172413,1.0670220218722362,1.5,0.05829145728643216,0.0,1.0188014101057628,0.13226170260835177,0.13226170260835177,3.6382307229111053,False,False
2089,270,Digitizer_run2089_subrun270.csv,ALERT,34,False,1.6603773584905661,1.2851727843489957,1.0,0.053266331658291456,0.0,1.0013219741480586,0.034254058386733205,0.034254058386733205,-0.0385932123175973,False,False
2089,270,Digitizer_run2089_subrun270.csv,ALERT,35,False,1.4153846153846155,0.7265566842198999,1.0,0.06532663316582915,0.0,1.0000734430082254,0.0060593820012730054,0.0060593820012730054,-0.012120544340990086,False,False
2089,270,Digitizer_run2089_subrun270.csv,ALERT,36,False,1.554054054054054,0.878072170589731,1.0,0.0743718592964824,0.0,1.0050668233220736,0.06916746233808184,0.06916746233808184,-0.07325443424984496,False,False
2089,270,Digitizer_run2089_subrun270.csv,ALERT,37,False,1.3559322033898304,0.5923360060660527,1.0,0.1185929648241206,0.0,1.0000734322220561,0.006058937096412474,0.006058937096412474,-0.012119654138613722,False,False
2089,270,Digitizer_run2089_subrun270.csv,ALERT,38,False,1.355263157894737,0.6674118642122179,1.0,0.0763819095477387,0.0,1.0002937720329026,0.014840576898137581,0.014840576898137581,-0.019795189561630986,False,False
2089,270,Digitizer_run2089_subrun270.csv,ALERT,39,False,1.375,0.6152407063585467,1.0,0.07236180904522613,0.0,1.0003672150411222,0.024982608411279122,0.024982608411279122,-0.014698827083102287,False,False
2089,270,Digitizer_run2089_subrun270.csv,ALERT,40,False,1.6444444444444444,0.8021435927777166,1.0,0.04522613065326633,0.0,1.006022326674499,0.07297308532531452,0.07297308532531452,-0.08252805329048929,False,False
2089,270,Digitizer_run2089_subrun270.csv,ALERT,41,False,1.3225806451612903,0.6959883536897066,1.0,0.062311557788944726,0.0,1.0002937720329006,0.02423752800509203,0.02423752800509203,-0.012120544340944277,False,False
2089,270,Digitizer_run2089_subrun270.csv,ALERT,42,False,1.382716049382716,0.8301792161119173,1.0,0.0814070351758794,0.0,1.0,0.0,1e-06,0.0,False,False
2089,270,Digitizer_run2089_subrun270.csv,ALERT,43,False,1.5813953488372092,0.7938021265833995,1.0,0.04321608040201005,0.0,1.0022036139268429,0.04364565066826379,0.04364565066826379,-0.05048874041520922,False,False
2089,270,Digitizer_run2089_subrun270.csv,ALERT,44,False,1.746031746031746,1.062077300635091,1.0,0.06331658291457286,0.0,1.0539726832133942,0.2197860877146835,0.2197860877146835,-0.24556915214514916,False,False
2089,270,Digitizer_run2089_subrun270.csv,ALERT,45,False,1.4385964912280702,0.7563432672038612,1.0,0.05728643216080402,0.0,1.0055074166544273,0.07122645431928899,0.07122645431928899,-0.07732262832765856,False,False
2089,270,Digitizer_run2089_subrun270.csv,ALERT,46,False,1.40625,0.659936264358819,1.0,0.06432160804020101,0.0,1.0010282021151597,0.035319597113300544,0.035319597113300544,-0.02911137722951408,False,False
2089,270,Digitizer_run2089_subrun270.csv,ALERT,47,False,1.435483870967742,0.6923698372538107,1.0,0.062311557788944726,0.0,1.0,0.0,1e-06,0.0,False,False
2089,270,Digitizer_run2089_subrun270.csv,ALERT,48,False,1.6289752650176679,0.9110091100953882,1.0,0.28442211055276384,0.0,1.0023498311058938,0.04917053611383658,0.04917053611383658,-0.0477894139785996,False,False
2089,270,Digitizer_run2089_subrun270.csv,ALERT,49,False,1.4861538461538462,0.7919106686505158,1.0,0.32663316582914576,0.0,1.0006608899985303,0.04884782944337074,0.04884782944337074,-0.013529567353580803,False,False
2089,270,Digitizer_run2089_subrun270.csv,ALERT,50,False,1.2839506172839505,0.8098544298396251,1.0,0.0814070351758794,0.0,1.0,0.0,1e-06,0.0,False,False
2089,270,Digitizer_run2089_subrun270.csv,ALERT,51,False,1.2702702702702702,0.5804414309131231,1.0,0.0743718592964824,0.0,1.0,0.0,1e-06,0.0,False,False
2089,270,Digitizer_run2089_subrun270.csv,ALERT,52,False,1.2666666666666666,0.6932510475472599,1.0,0.135678391959799,0.0,1.0001468644441178,0.012117874192824951,0.012117874192824951,-0.012119654139071812,False,False
2089,270,Digitizer_run2089_subrun270.csv,ALERT,53,False,1.2155172413793103,0.5074408851029477,1.0,0.11658291457286432,0.0,1.0000734322220561,0.006058937096412474,0.006058937096412474,-0.012119654138613722,False,False
2089,270,Digitizer_run2089_subrun270.csv,ALERT,54,False,1.2785714285714285,0.6897800415006372,1.0,0.1407035175879397,0.0,1.0001468644441185,0.012117874192824955,0.012117874192824955,-0.012119654139126778,False,False
2089,270,Digitizer_run2089_subrun270.csv,ALERT,55,False,2.1032258064516127,1.7550453930873797,1.0,0.15577889447236182,0.0,1.000440593332354,0.020985690597874588,0.020985690597874588,-0.02099494082880142,False,False
2089,270,Digitizer_run2089_subrun270.csv,ALERT,56,False,2.6927374301675977,2.2261224395937935,2.0,0.1798994974874372,0.0,1.261345278308119,0.43529583164131974,0.43529583164131974,1.696902814131532,False,False
2089,270,Digitizer_run2089_subrun270.csv,ALERT,57,False,1.2181818181818183,0.49551785869960513,1.0,0.11055276381909548,0.0,1.0,0.0,1e-06,0.0,False,False
2089,270,Digitizer_run2089_subrun270.csv,ALERT,58,False,1.25,0.5174133119983201,1.0,0.12864321608040202,0.0,1.0,0.0,1e-06,0.0,False,False
2089,270,Digitizer_run2089_subrun270.csv,ALERT,59,False,1.1984126984126984,0.4564180762387269,1.0,0.12663316582914572,0.0,1.000146886016451,0.012118764002546011,0.012118764002546011,-0.012120544341008408,False,False
2089,270,Digitizer_run2089_subrun270.csv,ALERT,60,False,1.4090909090909092,1.2288239663530205,1.0,0.11055276381909548,0.0,1.0001468644441178,0.012117874192824951,0.012117874192824951,-0.012119654139071812,False,False
2089,270,Digitizer_run2089_subrun270.csv,ALERT,61,False,1.3445378151260505,0.6942496838730988,1.0,0.11959798994974874,0.0,1.0001468644441178,0.012117874192824951,0.012117874192824951,-0.012119654139071812,False,False
2089,270,Digitizer_run2089_subrun270.csv,ALERT,62,False,1.2265625,0.5642198118313395,1.0,0.12864321608040202,0.0,1.0,0.0,1e-06,0.0,False,False
2089,270,Digitizer_run2089_subrun270.csv,ALERT,63,False,1.4299065420560748,0.9527730087893719,1.0,0.10753768844221105,0.0,1.0001468644441178,0.012117874192824951,0.012117874192824951,-0.012119654139071812,False,False
2089,270,Digitizer_run2089_subrun270.csv,ALERT,64,False,1.5535714285714286,0.8721893634494093,1.0,0.05628140703517588,0.0,1.0013219741480597,0.0342540583867332,0.0342540583867332,-0.038593212317629716,False,False
2089,270,Digitizer_run2089_subrun270.csv,ALERT,65,False,1.6842105263157894,0.9848476085314292,1.0,0.05728643216080402,0.0,1.006462984723852,0.0758961624740207,0.0758961624740207,-0.08515561937751816,False,False
2089,270,Digitizer_run2089_subrun270.csv,ALERT,66,False,1.8478260869565217,1.3327897442640602,1.0,0.04623115577889447,0.0,1.0025705052878953,0.04725890660442968,0.04725890660442968,-0.054391975451550646,False,False
2089,270,Digitizer_run2089_subrun270.csv,ALERT,67,False,1.2291666666666667,0.472187455263057,1.0,0.04824120603015075,0.0,1.000146886016451,0.012118764002546011,0.012118764002546011,-0.012120544341008408,False,False
2089,270,Digitizer_run2089_subrun270.csv,ALERT,68,False,1.6545454545454545,1.0402667360609403,1.0,0.05527638190954774,0.0,1.285472972972969,0.4413174108763788,0.4413174108763788,-0.6468654214345858,False,False
2089,270,Digitizer_run2089_subrun270.csv,ALERT,69,False,1.6923076923076923,1.475797711023173,1.0,0.05226130653266332,0.0,1.0,0.0,1e-06,0.0,False,False
2089,270,Digitizer_run2089_subrun270.csv,ALERT,70,False,1.3953488372093024,0.8205554124732175,1.0,0.04321608040201005,0.0,1.0075635188720775,0.08383914724619386,0.08383914724619386,-0.09021464459636286,False,False
2089,270,Digitizer_run2089_subrun270.csv,ALERT,71,False,2.1838565022421523,1.529679180001497,2.0,0.2241206030150754,0.0,1.0735790865031518,0.25854095330422205,0.25854095330422205,3.5832656360895356,False,False
2089,270,Digitizer_run2089_subrun270.csv,ALERT,72,False,3.868888888888889,2.1756213788394687,4.0,0.45226130653266333,0.0,2.6573652518725215,0.5491863877086711,0.5491863877086711,2.4447706246494056,False,False
2089,270,Digitizer_run2089_subrun270.csv,ALERT,73,False,1.4054054054054055,0.7183108769679853,1.0,0.11155778894472362,0.0,1.0005140255544125,0.02184136490957389,0.02184136490957389,-0.02353449779995996,False,False
2089,270,Digitizer_run2089_subrun270.csv,ALERT,74,False,1.7450980392156863,1.0553319336569318,1.0,0.05125628140703518,0.0,1.0270230577177217,0.1556814370811686,0.1556814370811686,-0.1735791898145991,False,False
2089,270,Digitizer_run2089_subrun270.csv,ALERT,75,False,1.4375,0.711792762094567,1.0,0.04824120603015075,0.0,1.0047730944338322,0.06757759575640168,0.06757759575640168,-0.07063131471912519,False,False
2089,270,Digitizer_run2089_subrun270.csv,ALERT,76,False,1.9011627906976745,1.562199243460382,1.0,0.1728643216080402,0.0,1.0059480099867821,0.07569049219572911,0.07569049219572911,-0.07858331759028715,False,False
2089,270,Digitizer_run2089_subrun270.csv,ALERT,77,False,1.434782608695652,0.654969852166019,1.0,0.04623115577889447,0.0,1.0454612220916588,0.19958084446821958,0.19958084446821958,-0.22778349401611972,False,False
2089,270,Digitizer_run2089_subrun270.csv,ALERT,78,False,2.210191082802548,1.7615255885597414,1.0,0.1577889447236181,0.0,1.0788662064914092,0.26458036202813257,0.26458036202813257,-0.2980803483934436,False,False
2089,270,Digitizer_run2089_subrun270.csv,ALERT,79,False,1.5348837209302326,0.7972822052000672,1.0,0.04321608040201005,0.0,1.0090321633132648,0.09044083705674406,0.09044083705674406,-0.09986819679253868,False,False
2089,270,Digitizer_run2089_subrun270.csv,ALERT,80,False,2.116751269035533,1.8018056714344024,1.0,0.19798994974874373,0.0,1.2117050961962126,0.40585686872347315,0.40585686872347315,-0.5216250173665433,False,False
2089,270,Digitizer_run2089_subrun270.csv,ALERT,81,False,1.3294117647058823,0.7301049385454912,1.0,0.08542713567839195,0.0,1.000293772032902,0.01484057689813756,0.01484057689813756,-0.01979518956158613,False,False
2089,270,Digitizer_run2089_subrun270.csv,ALERT,82,False,2.934131736526946,2.1287977390692245,2.0,0.1678391959798995,0.0,1.7891026582464404,0.4138431824383967,0.4138431824383967,0.509606901123599,False,False
2089,270,Digitizer_run2089_subrun270.csv,ALERT,83,False,1.5476190476190477,0.8025076841021358,1.0,0.04221105527638191,0.0,1.0013952122191219,0.03582062630520029,0.03582062630520029,-0.038949967184669664,False,False
2089,270,Digitizer_run2089_subrun270.csv,ALERT,84,False,1.625,0.8647122485123434,1.0,0.05628140703517588,0.0,1.0773975620502307,0.2572809586283391,0.2572809586283391,-0.3008289554845646,False,False
2089,270,Digitizer_run2089_subrun270.csv,ALERT,85,False,1.5925925925925926,0.942067547923054,1.0,0.054271356783919596,0.0,1.0563959465413444,0.22208902716235054,0.22208902716235054,-0.25393396180765865,False,False
2089,270,Digitizer_run2089_subrun270.csv,ALERT,86,False,1.7428571428571429,1.0387452029437516,1.0,0.035175879396984924,0.0,1.022620446533494,0.14315381850007344,0.14315381850007344,-0.15801497138186668,False,False
2089,270,Digitizer_run2089_subrun270.csv,ALERT,87,False,1.3880597014925373,0.6018965953826644,1.0,0.06733668341708543,0.0,1.002423619271448,0.045686450989950694,0.045686450989950694,-0.05304897226490778,False,False
2089,270,Digitizer_run2089_subrun270.csv,ALERT,88,False,1.4464285714285714,0.7608522221141921,1.0,0.05628140703517588,0.0,1.0245263621677179,0.14862373355242145,0.14862373355242145,-0.16502318695329443,False,False
2089,270,Digitizer_run2089_subrun270.csv,ALERT,89,False,1.368421052631579,0.7471751312053483,1.0,0.05728643216080402,0.0,1.001909237773529,0.04193719280711395,0.04193719280711395,-0.045526122416213705,False,False
2089,270,Digitizer_run2089_subrun270.csv,ALERT,90,False,1.446808510638298,0.6855182310802432,1.0,0.04723618090452261,0.0,1.0047730944338344,0.06811874683429432,0.06811874683429432,-0.0700702032209353,False,False
2089,270,Digitizer_run2089_subrun270.csv,ALERT,91,False,1.6470588235294117,0.9554795531410332,1.0,0.05125628140703518,0.0,1.008958731091199,0.09024494450022093,0.09024494450022093,-0.09927127930337419,False,False
2089,270,Digitizer_run2089_subrun270.csv,ALERT,92,False,2.338235294117647,2.019385854014148,1.5,0.06834170854271357,0.0,1.3614333969745962,0.4700631646599074,0.4700631646599074,0.2947829428958921,False,False
2089,270,Digitizer_run2089_subrun270.csv,ALERT,93,False,2.9146666666666667,1.7483906529213704,3.0,0.3768844221105528,0.0,1.6060361286532518,0.7828986057734849,0.7828986057734849,1.7805164820411776,False,False
2089,270,Digitizer_run2089_subrun270.csv,ALERT,94,False,1.6875,0.895778630487862,1.0,0.032160804020100506,0.0,1.0101336466441453,0.09488363789933676,0.09488363789933676,-0.1068007811304221,False,False
2089,270,Digitizer_run2089_subrun270.csv,ALERT,95,False,1.4,0.6717752982077053,1.0,0.04020100502512563,0.0,1.0217359377294788,0.13990906201221617,0.13990906201221617,-0.15535761170052673,False,False
2088,321,Digitizer_run2088_subrun321.csv,ALERT,0,False,1.4137931034482758,0.6822882392210131,1.0,0.029263370332996974,0.0,1.0006609870740304,0.021839016680118065,0.021839016680118065,-0.030266338622844134,False,False
2088,321,Digitizer_run2088_subrun321.csv,ALERT,1,False,1.5151515151515151,0.7550336135403228,1.0,0.033299697275479316,0.0,1.0176263219741484,0.12588397270224438,0.12588397270224438,-0.14002038222800792,False,False
2088,321,Digitizer_run2088_subrun321.csv,ALERT,2,False,1.425531914893617,0.6834910657812401,1.0,0.04742684157416751,0.0,1.0102070788662025,0.09698086562649692,0.09698086562649692,-0.10524837863907224,False,False
2088,321,Digitizer_run2088_subrun321.csv,ALERT,3,False,2.2567567567567566,1.5620570456916152,2.0,0.07467204843592332,0.0,1.0831252753708318,0.27069941832777283,0.27069941832777283,3.3870583479384595,False,False
2088,321,Digitizer_run2088_subrun321.csv,ALERT,4,False,1.3695652173913044,0.6449356781769072,1.0,0.04641775983854692,0.0,1.0,0.0,1e-06,0.0,False,False
2088,321,Digitizer_run2088_subrun321.csv,ALERT,5,False,1.4489795918367347,0.614451804788759,1.0,0.04944500504540868,0.0,1.0013219741480621,0.034254058386733184,0.034254058386733184,-0.03859321231770104,False,False
2088,321,Digitizer_run2088_subrun321.csv,ALERT,6,False,1.5245901639344261,0.8084255763942071,1.0,0.0615539858728557,0.0,1.0257747099427235,0.15340007006459264,0.15340007006459264,-0.16802280423907515,False,False
2088,321,Digitizer_run2088_subrun321.csv,ALERT,7,False,1.3258426966292134,0.6174596214048113,1.0,0.08980827447023208,0.0,1.0005140255544118,0.021841364909573904,0.021841364909573904,-0.023534497799929447,False,False
2088,321,Digitizer_run2088_subrun321.csv,ALERT,8,False,1.5769230769230769,1.0164558543147553,1.0,0.05247225025227043,0.0,1.166201527614567,0.3627185858866455,0.3627185858866455,-0.4582106737329065,False,False
2088,321,Digitizer_run2088_subrun321.csv,ALERT,9,False,1.425,0.6751068291531577,1.0,0.04036326942482341,0.0,1.0126321974148078,0.10594382409297862,0.10594382409297862,-0.1192348635982926,False,False
2088,321,Digitizer_run2088_subrun321.csv,ALERT,10,False,1.6666666666666667,1.3522468075656264,1.0,0.03632694248234107,0.0,1.003525264394829,0.05926919018998115,0.05926919018998115,-0.059478868928849134,False,False
2088,321,Digitizer_run2088_subrun321.csv,ALERT,11,False,1.5434782608695652,0.8616914049093711,1.0,0.04641775983854692,0.0,1.010355464159813,0.0973502795860281,0.0973502795860281,-0.10637323491877426,False,False
2088,321,Digitizer_run2088_subrun321.csv,ALERT,12,False,1.45,0.7828285334736546,1.0,0.04036326942482341,0.0,1.0019092377735357,0.04280374239012398,0.04280374239012398,-0.04460445902450349,False,False
2088,321,Digitizer_run2088_subrun321.csv,ALERT,13,False,1.4285714285714286,0.6123724356957945,1.0,0.04944500504540868,0.0,1.0022032902467664,0.04529403649936461,0.04529403649936461,-0.048644157532686715,False,False
2088,321,Digitizer_run2088_subrun321.csv,ALERT,14,False,1.476923076923077,0.6400120191179106,1.0,0.06559031281533804,0.0,1.0033049353701542,0.05577100726890122,0.05577100726890122,-0.05925902242036567,False,False
2088,321,Digitizer_run2088_subrun321.csv,ALERT,15,False,1.4927536231884058,0.655815352550618,1.0,0.06962663975782038,0.0,1.0027908343125727,0.05062328053115834,0.05062328053115834,-0.055129463821589196,False,False
2088,321,Digitizer_run2088_subrun321.csv,ALERT,16,False,1.6222222222222222,0.9117637475317448,1.0,0.045408678102926335,0.0,1.1844888366627526,0.3772274272856251,0.3772274272856251,-0.48906527818048423,False,False
2088,321,Digitizer_run2088_subrun321.csv,ALERT,17,False,1.75,0.7424837043882184,2.0,0.04036326942482341,0.0,1.1612808460634536,0.35653493635752975,0.35653493635752975,2.352417865427603,False,False
2088,321,Digitizer_run2088_subrun321.csv,ALERT,18,False,1.5294117647058822,0.8611230904040922,1.0,0.034308779011099896,0.0,1.0098428088732194,0.09376048537847204,0.09376048537847204,-0.1049782201264008,False,False
2088,321,Digitizer_run2088_subrun321.csv,ALERT,19,False,1.5,0.8301741920760902,1.0,0.03834510595358224,0.0,1.0393712354928786,0.18755480424780255,0.18755480424780255,-0.20991856567353093,False,False
2088,321,Digitizer_run2088_subrun321.csv,ALERT,20,False,1.4545454545454546,0.7910706743643854,1.0,0.044399596367305755,0.0,1.0087397179788484,0.08842364341002924,0.08842364341002924,-0.09883915253662964,False,False
2088,321,Digitizer_run2088_subrun321.csv,ALERT,21,False,1.3863636363636365,0.6893174612381909,1.0,0.044399596367305755,0.0,1.0082990599294928,0.0859394608965333,0.0859394608965333,-0.09656867570398656,False,False
2088,321,Digitizer_run2088_subrun321.csv,ALERT,22,False,1.288888888888889,0.5486438744851718,1.0,0.045408678102926335,0.0,1.0004405933323521,0.020985690597874602,0.020985690597874602,-0.020994940828716762,False,False
2088,321,Digitizer_run2088_subrun321.csv,ALERT,23,False,1.38,0.7253429871306345,1.0,0.050454086781029264,0.0,1.0,0.0,1e-06,0.0,False,False
2088,321,Digitizer_run2088_subrun321.csv,ALERT,24,False,1.79375,1.0466891497004396,1.0,0.16145307769929365,0.0,1.1186104582843688,0.31649985541942677,0.31649985541942677,-0.37475675344996845,False,False
2088,321,Digitizer_run2088_subrun321.csv,ALERT,25,False,1.3654618473895583,0.717699539207621,1.0,0.2512613521695257,0.0,1.0,0.0,1e-06,0.0,False,False
2088,321,Digitizer_run2088_subrun321.csv,ALERT,26,False,1.3432835820895523,0.565477508219492,1.0,0.06760847628657922,0.0,1.0040387722132456,0.06195869573440901,0.06195869573440901,-0.065184913358378,False,False
2088,321,Digitizer_run2088_subrun321.csv,ALERT,27,False,1.3770491803278688,0.5820634108133325,1.0,0.0615539858728557,0.0,1.0003671611102933,0.018174437872593627,0.018174437872593627,-0.02020206142644995,False,False
2088,321,Digitizer_run2088_subrun321.csv,ALERT,28,False,1.8387096774193548,1.10621094950133,1.0,0.09384460141271443,0.0,1.0350271699221638,0.17765298904495008,0.17765298904495008,-0.19716622900896522,False,False
2088,321,Digitizer_run2088_subrun321.csv,ALERT,29,False,1.5360824742268042,0.9135764845524145,1.0,0.09788092835519677,0.0,1.0015420766632432,0.03876831891860933,0.03876831891860933,-0.039776722495517426,False,False
2088,321,Digitizer_run2088_subrun321.csv,ALERT,30,False,1.5057471264367817,0.8335070655577371,1.0,0.08779011099899092,0.0,1.0055808488764861,0.07400182957363814,0.07400182957363814,-0.07541501215091867,False,False
2088,321,Digitizer_run2088_subrun321.csv,ALERT,31,False,1.4788732394366197,1.5010392107715376,1.0,0.07164480322906155,0.0,1.0002937288882345,0.01713600337232615,0.01713600337232615,-0.017141038190322318,False,False
2088,321,Digitizer_run2088_subrun321.csv,ALERT,32,False,1.5063291139240507,0.7658315025482816,1.0,0.07971745711402624,0.0,1.0061692126909563,0.07543537271315039,0.07543537271315039,-0.08178143050230882,False,False
2088,321,Digitizer_run2088_subrun321.csv,ALERT,33,False,1.6266666666666667,0.8346116321838419,1.0,0.07568113017154389,0.0,1.0188014101057628,0.13226170260835177,0.13226170260835177,-0.1421530929587135,False,False
2088,321,Digitizer_run2088_subrun321.csv,ALERT,34,False,1.4307692307692308,0.7064265436253522,1.0,0.06559031281533804,0.0,1.0013219741480586,0.034254058386733205,0.034254058386733205,-0.0385932123175973,False,False
2088,321,Digitizer_run2088_subrun321.csv,ALERT,35,False,1.547945205479452,0.8340179835925963,1.0,0.07366296670030273,0.0,1.0000734430082254,0.0060593820012730054,0.0060593820012730054,-0.012120544340990086,False,False
2088,321,Digitizer_run2088_subrun321.csv,ALERT,36,False,1.4875,0.7793822610636962,1.0,0.08072653884964683,0.0,1.0050668233220736,0.06916746233808184,0.06916746233808184,-0.07325443424984496,False,False
2088,321,Digitizer_run2088_subrun321.csv,ALERT,37,False,1.4464285714285714,0.8257051118825243,1.0,0.11301715438950555,0.0,1.0000734322220561,0.006058937096412474,0.006058937096412474,-0.012119654138613722,False,False
2088,321,Digitizer_run2088_subrun321.csv,ALERT,38,False,1.3582089552238805,0.7726674092862557,1.0,0.06760847628657922,0.0,1.0002937720329026,0.014840576898137581,0.014840576898137581,-0.019795189561630986,False,False
2088,321,Digitizer_run2088_subrun321.csv,ALERT,39,False,1.421875,0.751816583086044,1.0,0.06458123107971746,0.0,1.0003672150411222,0.024982608411279122,0.024982608411279122,-0.014698827083102287,False,False
2088,321,Digitizer_run2088_subrun321.csv,ALERT,40,False,1.5769230769230769,0.8710181971974926,1.0,0.05247225025227043,0.0,1.006022326674499,0.07297308532531452,0.07297308532531452,-0.08252805329048929,False,False
2088,321,Digitizer_run2088_subrun321.csv,ALERT,41,False,1.4328358208955223,0.722451227189157,1.0,0.06760847628657922,0.0,1.0002937720329006,0.02423752800509203,0.02423752800509203,-0.012120544340944277,False,False
2088,321,Digitizer_run2088_subrun321.csv,ALERT,42,False,1.3076923076923077,0.6704852344015111,1.0,0.07870837537840565,0.0,1.0,0.0,1e-06,0.0,False,False
2088,321,Digitizer_run2088_subrun321.csv,ALERT,43,True,1.7333333333333334,0.8633970960424556,2.0,0.045408678102926335,0.0,1.0022036139268429,0.04364565066826379,0.04364565066826379,22.86130165997704,True,True
2088,321,Digitizer_run2088_subrun321.csv,ALERT,44,False,1.7246376811594204,1.0415494392690163,1.0,0.06962663975782038,0.0,1.0539726832133942,0.2197860877146835,0.2197860877146835,-0.24556915214514916,False,False
2088,321,Digitizer_run2088_subrun321.csv,ALERT,45,False,1.625,0.8997354108424374,1.0,0.06458123107971746,0.0,1.0055074166544273,0.07122645431928899,0.07122645431928899,-0.07732262832765856,False,False
2088,321,Digitizer_run2088_subrun321.csv,ALERT,46,False,1.3076923076923077,0.7483957200880788,1.0,0.06559031281533804,0.0,1.0010282021151597,0.035319597113300544,0.035319597113300544,-0.02911137722951408,False,False
2088,321,Digitizer_run2088_subrun321.csv,ALERT,47,False,1.3692307692307693,0.7409712960287069,1.0,0.06559031281533804,0.0,1.0,0.0,1e-06,0.0,False,False
2088,321,Digitizer_run2088_subrun321.csv,ALERT,48,False,1.5342465753424657,0.841833818193243,1.0,0.2209889001009082,0.0,1.0023498311058938,0.04917053611383658,0.04917053611383658,-0.0477894139785996,False,False
2088,321,Digitizer_run2088_subrun321.csv,ALERT,49,False,1.4338235294117647,0.8565114680741168,1.0,0.27447023208879917,0.0,1.0006608899985303,0.04884782944337074,0.04884782944337074,-0.013529567353580803,False,False
2088,321,Digitizer_run2088_subrun321.csv,ALERT,50,False,1.4175824175824177,0.8441423532653201,1.0,0.09182643794147326,0.0,1.0,0.0,1e-06,0.0,False,False
2088,321,Digitizer_run2088_subrun321.csv,ALERT,51,False,1.3513513513513513,0.7106322177003835,1.0,0.07467204843592332,0.0,1.0,0.0,1e-06,0.0,False,False
2088,321,Digitizer_run2088_subrun321.csv,ALERT,52,False,1.272,0.6007522166471396,1.0,0.12613521695257315,0.0,1.0001468644441178,0.012117874192824951,0.012117874192824951,-0.012119654139071812,False,False
2088,321,Digitizer_run2088_subrun321.csv,ALERT,53,False,1.1865671641791045,0.4775865145852657,1.0,0.13521695257315844,0.0,1.0000734322220561,0.006058937096412474,0.006058937096412474,-0.012119654138613722,False,False
2088,321,Digitizer_run2088_subrun321.csv,ALERT,54,False,1.2945205479452055,0.7716333613850923,1.0,0.14732593340060546,0.0,1.0001468644441185,0.012117874192824955,0.012117874192824955,-0.012119654139126778,False,False
2088,321,Digitizer_run2088_subrun321.csv,ALERT,55,False,1.8535031847133758,1.7350655297763244,1.0,0.1584258324924319,0.0,1.000440593332354,0.020985690597874588,0.020985690597874588,-0.02099494082880142,False,False
2088,321,Digitizer_run2088_subrun321.csv,ALERT,56,False,2.3333333333333335,1.965121402778865,1.0,0.19071644803229063,0.0,1.261345278308119,0.43529583164131974,0.43529583164131974,-0.6003854374683407,False,False
2088,321,Digitizer_run2088_subrun321.csv,ALERT,57,False,1.1923076923076923,0.499552572617324,1.0,0.1311806256306761,0.0,1.0,0.0,1e-06,0.0,False,False
2088,321,Digitizer_run2088_subrun321.csv,ALERT,58,False,1.3969465648854962,0.7714062016162142,1.0,0.13218970736629668,0.0,1.0,0.0,1e-06,0.0,False,False
2088,321,Digitizer_run2088_subrun321.csv,ALERT,59,False,1.4098360655737705,0.8307529031706968,1.0,0.1231079717457114,0.0,1.000146886016451,0.012118764002546011,0.012118764002546011,-0.012120544341008408,False,False
2088,321,Digitizer_run2088_subrun321.csv,ALERT,60,False,1.2959183673469388,0.6293374633310383,1.0,0.09889001009081735,0.0,1.0001468644441178,0.012117874192824951,0.012117874192824951,-0.012119654139071812,False,False
2088,321,Digitizer_run2088_subrun321.csv,ALERT,61,False,1.2454545454545454,0.5933324274591455,1.0,0.11099899091826437,0.0,1.0001468644441178,0.012117874192824951,0.012117874192824951,-0.012119654139071812,False,False
2088,321,Digitizer_run2088_subrun321.csv,ALERT,62,False,1.1908396946564885,0.5131277216443348,1.0,0.13218970736629668,0.0,1.0,0.0,1e-06,0.0,False,False
2088,321,Digitizer_run2088_subrun321.csv,ALERT,63,False,1.3396226415094339,0.7021978076057268,1.0,0.10696266397578204,0.0,1.0001468644441178,0.012117874192824951,0.012117874192824951,-0.012119654139071812,False,False
2088,321,Digitizer_run2088_subrun321.csv,ALERT,64,False,1.4081632653061225,0.5743970515149913,1.0,0.04944500504540868,0.0,1.0013219741480597,0.0342540583867332,0.0342540583867332,-0.038593212317629716,False,False
2088,321,Digitizer_run2088_subrun321.csv,ALERT,65,False,1.4375,0.6812457300276098,1.0,0.04843592330978809,0.0,1.006462984723852,0.0758961624740207,0.0758961624740207,-0.08515561937751816,False,False
2088,321,Digitizer_run2088_subrun321.csv,ALERT,66,False,1.293103448275862,0.5300983255253151,1.0,0.05852674066599395,0.0,1.0025705052878953,0.04725890660442968,0.04725890660442968,-0.054391975451550646,False,False
2088,321,Digitizer_run2088_subrun321.csv,ALERT,67,False,1.2692307692307692,0.44788761788017434,1.0,0.05247225025227043,0.0,1.000146886016451,0.012118764002546011,0.012118764002546011,-0.012120544341008408,False,False
2088,321,Digitizer_run2088_subrun321.csv,ALERT,68,False,1.6538461538461537,0.9264017547270664,1.0,0.05247225025227043,0.0,1.285472972972969,0.4413174108763788,0.4413174108763788,-0.6468654214345858,False,False
2088,321,Digitizer_run2088_subrun321.csv,ALERT,69,False,1.72,1.6786778081792437,1.0,0.050454086781029264,0.0,1.0,0.0,1e-06,0.0,False,False
2088,321,Digitizer_run2088_subrun321.csv,ALERT,70,False,1.6181818181818182,1.062681951146687,1.0,0.055499495459132187,0.0,1.0075635188720775,0.08383914724619386,0.08383914724619386,-0.09021464459636286,False,False
2088,321,Digitizer_run2088_subrun321.csv,ALERT,71,False,2.118181818181818,1.4664081435615148,2.0,0.22199798183652875,0.0,1.0735790865031518,0.25854095330422205,0.25854095330422205,3.5832656360895356,False,False
2088,321,Digitizer_run2088_subrun321.csv,ALERT,72,False,3.498721227621483,2.197754892083382,3.0,0.39455095862764883,0.0,2.6573652518725215,0.5491863877086711,0.5491863877086711,0.6238951944111863,False,False
2088,321,Digitizer_run2088_subrun321.csv,ALERT,73,False,1.4666666666666666,0.7214657445179365,1.0,0.10595358224016145,0.0,1.0005140255544125,0.02184136490957389,0.02184136490957389,-0.02353449779995996,False,False
2088,321,Digitizer_run2088_subrun321.csv,ALERT,74,False,1.7391304347826086,1.5112536081117196,1.0,0.06962663975782038,0.0,1.0270230577177217,0.1556814370811686,0.1556814370811686,-0.1735791898145991,False,False
2088,321,Digitizer_run2088_subrun321.csv,ALERT,75,False,1.6666666666666667,0.9772179669628239,1.0,0.07568113017154389,0.0,1.0047730944338322,0.06757759575640168,0.06757759575640168,-0.07063131471912519,False,False
2088,321,Digitizer_run2088_subrun321.csv,ALERT,76,False,1.893854748603352,1.3921595063580374,1.0,0.18062563067608475,0.0,1.0059480099867821,0.07569049219572911,0.07569049219572911,-0.07858331759028715,False,False
2088,321,Digitizer_run2088_subrun321.csv,ALERT,77,False,1.489795918367347,0.7394381025366445,1.0,0.04944500504540868,0.0,1.0454612220916588,0.19958084446821958,0.19958084446821958,-0.22778349401611972,False,False
2088,321,Digitizer_run2088_subrun321.csv,ALERT,78,False,2.156716417910448,1.7806583120407191,1.0,0.13521695257315844,0.0,1.0788662064914092,0.26458036202813257,0.26458036202813257,-0.2980803483934436,False,False
2088,321,Digitizer_run2088_subrun321.csv,ALERT,79,False,1.3333333333333333,0.6212607441973956,1.0,0.039354187689202826,0.0,1.0090321633132648,0.09044083705674406,0.09044083705674406,-0.09986819679253868,False,False
2088,321,Digitizer_run2088_subrun321.csv,ALERT,80,False,2.492063492063492,1.866898234297711,2.0,0.19071644803229063,0.0,1.2117050961962126,0.40585686872347315,0.40585686872347315,1.9422978013977752,False,False
2088,321,Digitizer_run2088_subrun321.csv,ALERT,81,False,1.4857142857142858,0.793868845132004,1.0,0.07063572149344097,0.0,1.000293772032902,0.01484057689813756,0.01484057689813756,-0.01979518956158613,False,False
2088,321,Digitizer_run2088_subrun321.csv,ALERT,82,False,2.7972972972972974,1.9376662428901896,2.0,0.14934409687184663,0.0,1.7891026582464404,0.4138431824383967,0.4138431824383967,0.509606901123599,False,False
2088,321,Digitizer_run2088_subrun321.csv,ALERT,83,False,1.5416666666666667,0.9443749105261138,1.0,0.04843592330978809,0.0,1.0013952122191219,0.03582062630520029,0.03582062630520029,-0.038949967184669664,False,False
2088,321,Digitizer_run2088_subrun321.csv,ALERT,84,False,1.8222222222222222,1.1733574377689338,1.0,0.045408678102926335,0.0,1.0773975620502307,0.2572809586283391,0.2572809586283391,-0.3008289554845646,False,False
2088,321,Digitizer_run2088_subrun321.csv,ALERT,85,False,1.4042553191489362,0.7419004523661455,1.0,0.04742684157416751,0.0,1.0563959465413444,0.22208902716235054,0.22208902716235054,-0.25393396180765865,False,False
2088,321,Digitizer_run2088_subrun321.csv,ALERT,86,False,1.558139534883721,0.881079575385608,1.0,0.04339051463168517,0.0,1.022620446533494,0.14315381850007344,0.14315381850007344,-0.15801497138186668,False,False
2088,321,Digitizer_run2088_subrun321.csv,ALERT,87,False,1.35,0.684575830567082,1.0,0.060544904137235116,0.0,1.002423619271448,0.045686450989950694,0.045686450989950694,-0.05304897226490778,False,False
2088,321,Digitizer_run2088_subrun321.csv,ALERT,88,False,1.697674418604651,0.8319479070496522,1.0,0.04339051463168517,0.0,1.0245263621677179,0.14862373355242145,0.14862373355242145,-0.16502318695329443,False,False
2088,321,Digitizer_run2088_subrun321.csv,ALERT,89,False,1.4705882352941178,0.7836565874532183,1.0,0.05146316851664985,0.0,1.001909237773529,0.04193719280711395,0.04193719280711395,-0.045526122416213705,False,False
2088,321,Digitizer_run2088_subrun321.csv,ALERT,90,False,1.475,0.8161039400870707,1.0,0.04036326942482341,0.0,1.0047730944338344,0.06811874683429432,0.06811874683429432,-0.0700702032209353,False,False
2088,321,Digitizer_run2088_subrun321.csv,ALERT,91,False,1.5365853658536586,0.8688371819739805,1.0,0.04137235116044399,0.0,1.008958731091199,0.09024494450022093,0.09024494450022093,-0.09927127930337419,False,False
2088,321,Digitizer_run2088_subrun321.csv,ALERT,92,False,2.5675675675675675,2.0942261203884573,2.0,0.07467204843592332,0.0,1.3614333969745962,0.4700631646599074,0.4700631646599074,1.3584697781784483,False,False
2088,321,Digitizer_run2088_subrun321.csv,ALERT,93,False,2.797183098591549,1.7396970181522335,2.0,0.35822401614530774,0.0,1.6060361286532518,0.7828986057734849,0.7828986057734849,0.5032118698915313,False,False
2088,321,Digitizer_run2088_subrun321.csv,ALERT,94,False,1.4722222222222223,0.6963624307217003,1.0,0.03632694248234107,0.0,1.0101336466441453,0.09488363789933676,0.09488363789933676,-0.1068007811304221,False,False
2088,321,Digitizer_run2088_subrun321.csv,ALERT,95,False,1.3611111111111112,0.5929479754475105,1.0,0.03632694248234107,0.0,1.0217359377294788,0.13990906201221617,0.13990906201221617,-0.15535761170052673,False,False
2089,324,Digitizer_run2089_subrun324.csv,ALERT,0,False,1.3928571428571428,0.737326788914382,1.0,0.028084252758274825,0.0,1.0006609870740304,0.021839016680118065,0.021839016680118065,-0.030266338622844134,False,False
2089,324,Digitizer_run2089_subrun324.csv,ALERT,1,False,1.5833333333333333,0.880546602310508,1.0,0.024072216649949848,0.0,1.0176263219741484,0.12588397270224438,0.12588397270224438,-0.14002038222800792,False,False
2089,324,Digitizer_run2089_subrun324.csv,ALERT,2,False,1.9142857142857144,1.462701541094193,1.0,0.03510531594784353,0.0,1.0102070788662025,0.09698086562649692,0.09698086562649692,-0.10524837863907224,False,False
2089,324,Digitizer_run2089_subrun324.csv,ALERT,3,False,2.225806451612903,1.8054503533241644,2.0,0.062186559679037114,0.0,1.0831252753708318,0.27069941832777283,0.27069941832777283,3.3870583479384595,False,False
2089,324,Digitizer_run2089_subrun324.csv,ALERT,4,False,1.5,0.7367883976130072,1.0,0.03610832497492478,0.0,1.0,0.0,1e-06,0.0,False,False
2089,324,Digitizer_run2089_subrun324.csv,ALERT,5,False,1.4594594594594594,0.6909974511367445,1.0,0.037111334002006016,0.0,1.0013219741480621,0.034254058386733184,0.034254058386733184,-0.03859321231770104,False,False
2089,324,Digitizer_run2089_subrun324.csv,ALERT,6,False,1.4,0.7507571935295484,1.0,0.04513540621865597,0.0,1.0257747099427235,0.15340007006459264,0.15340007006459264,-0.16802280423907515,False,False
2089,324,Digitizer_run2089_subrun324.csv,ALERT,7,False,1.5964912280701755,1.1157900647844465,1.0,0.05717151454363089,0.0,1.0005140255544118,0.021841364909573904,0.021841364909573904,-0.023534497799929447,False,False
2089,324,Digitizer_run2089_subrun324.csv,ALERT,8,False,1.6857142857142857,1.0224373581107569,1.0,0.03510531594784353,0.0,1.166201527614567,0.3627185858866455,0.3627185858866455,-0.4582106737329065,False,False
2089,324,Digitizer_run2089_subrun324.csv,ALERT,9,False,1.25,0.43994134506405985,1.0,0.0320962888665998,0.0,1.0126321974148078,0.10594382409297862,0.10594382409297862,-0.1192348635982926,False,False
2089,324,Digitizer_run2089_subrun324.csv,ALERT,10,False,1.3571428571428572,0.48795003647426666,1.0,0.028084252758274825,0.0,1.003525264394829,0.05926919018998115,0.05926919018998115,-0.059478868928849134,False,False
2089,324,Digitizer_run2089_subrun324.csv,ALERT,11,False,1.4705882352941178,0.662195344137054,1.0,0.034102306920762285,0.0,1.010355464159813,0.0973502795860281,0.0973502795860281,-0.10637323491877426,False,False
2089,324,Digitizer_run2089_subrun324.csv,ALERT,12,False,1.525,0.9333562268254528,1.0,0.04012036108324975,0.0,1.0019092377735357,0.04280374239012398,0.04280374239012398,-0.04460445902450349,False,False
2089,324,Digitizer_run2089_subrun324.csv,ALERT,13,False,1.3846153846153846,0.6733804983414344,1.0,0.03911735205616851,0.0,1.0022032902467664,0.04529403649936461,0.04529403649936461,-0.048644157532686715,False,False
2089,324,Digitizer_run2089_subrun324.csv,ALERT,14,False,1.3653846153846154,0.817189016315151,1.0,0.05215646940822467,0.0,1.0033049353701542,0.05577100726890122,0.05577100726890122,-0.05925902242036567,False,False
2089,324,Digitizer_run2089_subrun324.csv,ALERT,15,False,1.3958333333333333,0.6760203740267676,1.0,0.048144433299899696,0.0,1.0027908343125727,0.05062328053115834,0.05062328053115834,-0.055129463821589196,False,False
2089,324,Digitizer_run2089_subrun324.csv,ALERT,16,False,1.6829268292682926,1.2336738708071089,1.0,0.041123370110330994,0.0,1.1844888366627526,0.3772274272856251,0.3772274272856251,-0.48906527818048423,False,False
2089,324,Digitizer_run2089_subrun324.csv,ALERT,17,False,1.4411764705882353,0.7859052479933757,1.0,0.034102306920762285,0.0,1.1612808460634536,0.35653493635752975,0.35653493635752975,-0.45235636011199404,False,False
2089,324,Digitizer_run2089_subrun324.csv,ALERT,18,False,1.3428571428571427,0.5392182327416316,1.0,0.03510531594784353,0.0,1.0098428088732194,0.09376048537847204,0.09376048537847204,-0.1049782201264008,False,False
2089,324,Digitizer_run2089_subrun324.csv,ALERT,19,True,1.0740740740740742,0.2668802563418119,1.0,0.02708124373119358,0.0,1.0393712354928786,0.18755480424780255,0.18755480424780255,-0.20991856567353093,False,False
2089,324,Digitizer_run2089_subrun324.csv,ALERT,20,False,1.288888888888889,0.5886124756277652,1.0,0.04513540621865597,0.0,1.0087397179788484,0.08842364341002924,0.08842364341002924,-0.09883915253662964,False,False
2089,324,Digitizer_run2089_subrun324.csv,ALERT,21,False,1.411764705882353,0.7014118687516405,1.0,0.034102306920762285,0.0,1.0082990599294928,0.0859394608965333,0.0859394608965333,-0.09656867570398656,False,False
2089,324,Digitizer_run2089_subrun324.csv,ALERT,22,False,1.34375,0.8273305303514508,1.0,0.0320962888665998,0.0,1.0004405933323521,0.020985690597874602,0.020985690597874602,-0.020994940828716762,False,False
2089,324,Digitizer_run2089_subrun324.csv,ALERT,23,False,1.3214285714285714,0.5479640045336466,1.0,0.028084252758274825,0.0,1.0,0.0,1e-06,0.0,False,False
2089,324,Digitizer_run2089_subrun324.csv,ALERT,24,False,1.738532110091743,1.016219456040455,1.0,0.21865596790371114,0.0,1.1186104582843688,0.31649985541942677,0.31649985541942677,-0.37475675344996845,False,False
2089,324,Digitizer_run2089_subrun324.csv,ALERT,25,False,1.4350877192982456,0.7553777219653828,1.0,0.2858575727181545,0.0,1.0,0.0,1e-06,0.0,False,False
2089,324,Digitizer_run2089_subrun324.csv,ALERT,26,True,1.9180327868852458,0.9182425599519464,2.0,0.06118355065195587,0.0,1.0040387722132456,0.06195869573440901,0.06195869573440901,16.074599634182476,True,True
2089,324,Digitizer_run2089_subrun324.csv,ALERT,27,False,1.6610169491525424,1.044033449912099,1.0,0.05917753259779338,0.0,1.0003671611102933,0.018174437872593627,0.018174437872593627,-0.02020206142644995,False,False
2089,324,Digitizer_run2089_subrun324.csv,ALERT,28,False,1.608695652173913,0.8380579557069702,1.0,0.09227683049147442,0.0,1.0350271699221638,0.17765298904495008,0.17765298904495008,-0.19716622900896522,False,False
2089,324,Digitizer_run2089_subrun324.csv,ALERT,29,False,1.3902439024390243,0.6621345497702094,1.0,0.08224674022066199,0.0,1.0015420766632432,0.03876831891860933,0.03876831891860933,-0.039776722495517426,False,False
2089,324,Digitizer_run2089_subrun324.csv,ALERT,30,False,1.7127659574468086,1.2236235666278816,1.0,0.09428284854563691,0.0,1.0055808488764861,0.07400182957363814,0.07400182957363814,-0.07541501215091867,False,False
2089,324,Digitizer_run2089_subrun324.csv,ALERT,31,False,1.4933333333333334,0.7948029389173845,1.0,0.07522567703109329,0.0,1.0002937288882345,0.01713600337232615,0.01713600337232615,-0.017141038190322318,False,False
2089,324,Digitizer_run2089_subrun324.csv,ALERT,32,False,1.5227272727272727,1.1307259730879295,1.0,0.044132397191574725,0.0,1.0061692126909563,0.07543537271315039,0.07543537271315039,-0.08178143050230882,False,False
2089,324,Digitizer_run2089_subrun324.csv,ALERT,33,False,1.6595744680851063,0.9389308384188636,1.0,0.04714142427281846,0.0,1.0188014101057628,0.13226170260835177,0.13226170260835177,-0.1421530929587135,False,False
2089,324,Digitizer_run2089_subrun324.csv,ALERT,34,False,1.6825396825396826,1.3891909553753483,1.0,0.06318956870611836,0.0,1.0013219741480586,0.034254058386733205,0.034254058386733205,-0.0385932123175973,False,False
2089,324,Digitizer_run2089_subrun324.csv,ALERT,35,False,1.4923076923076923,0.7098212125924063,1.0,0.06519558676028084,0.0,1.0000734430082254,0.0060593820012730054,0.0060593820012730054,-0.012120544340990086,False,False
2089,324,Digitizer_run2089_subrun324.csv,ALERT,36,False,1.4886363636363635,0.8022141512150065,1.0,0.08826479438314945,0.0,1.0050668233220736,0.06916746233808184,0.06916746233808184,-0.07325443424984496,False,False
2089,324,Digitizer_run2089_subrun324.csv,ALERT,37,False,1.425531914893617,0.7094670288643389,1.0,0.14142427281845538,0.0,1.0000734322220561,0.006058937096412474,0.006058937096412474,-0.012119654138613722,False,False
2089,324,Digitizer_run2089_subrun324.csv,ALERT,38,False,1.3333333333333333,0.5208817806924757,1.0,0.08726178535606821,0.0,1.0002937720329026,0.014840576898137581,0.014840576898137581,-0.019795189561630986,False,False
2089,324,Digitizer_run2089_subrun324.csv,ALERT,39,False,1.3424657534246576,0.730661383842516,1.0,0.0732196589769308,0.0,1.0003672150411222,0.024982608411279122,0.024982608411279122,-0.014698827083102287,False,False
2089,324,Digitizer_run2089_subrun324.csv,ALERT,40,False,1.5384615384615385,0.8839550430981338,1.0,0.03911735205616851,0.0,1.006022326674499,0.07297308532531452,0.07297308532531452,-0.08252805329048929,False,False
2089,324,Digitizer_run2089_subrun324.csv,ALERT,41,False,1.302325581395349,0.7725925347854465,1.0,0.04312938816449348,0.0,1.0002937720329006,0.02423752800509203,0.02423752800509203,-0.012120544340944277,False,False
2089,324,Digitizer_run2089_subrun324.csv,ALERT,42,False,1.2247191011235956,0.4460128664258069,1.0,0.08926780341023069,0.0,1.0,0.0,1e-06,0.0,False,False
2089,324,Digitizer_run2089_subrun324.csv,ALERT,43,False,1.2380952380952381,0.48436651157749,1.0,0.04212637913741224,0.0,1.0022036139268429,0.04364565066826379,0.04364565066826379,-0.05048874041520922,False,False
2089,324,Digitizer_run2089_subrun324.csv,ALERT,44,False,1.791044776119403,1.3318625990743966,1.0,0.06720160481444333,0.0,1.0539726832133942,0.2197860877146835,0.2197860877146835,-0.24556915214514916,False,False
2089,324,Digitizer_run2089_subrun324.csv,ALERT,45,False,1.467741935483871,0.8630434507513032,1.0,0.062186559679037114,0.0,1.0055074166544273,0.07122645431928899,0.07122645431928899,-0.07732262832765856,False,False
2089,324,Digitizer_run2089_subrun324.csv,ALERT,46,False,1.492063492063492,0.8775518709605253,1.0,0.06318956870611836,0.0,1.0010282021151597,0.035319597113300544,0.035319597113300544,-0.02911137722951408,False,False
2089,324,Digitizer_run2089_subrun324.csv,ALERT,47,False,1.5217391304347827,0.7785487187176405,1.0,0.06920762286860582,0.0,1.0,0.0,1e-06,0.0,False,False
2089,324,Digitizer_run2089_subrun324.csv,ALERT,48,False,1.6343283582089552,0.8956076319202784,1.0,0.2688064192577733,0.0,1.0023498311058938,0.04917053611383658,0.04917053611383658,-0.0477894139785996,False,False
2089,324,Digitizer_run2089_subrun324.csv,ALERT,49,False,1.45565749235474,0.7736199540141834,1.0,0.3279839518555667,0.0,1.0006608899985303,0.04884782944337074,0.04884782944337074,-0.013529567353580803,False,False
2089,324,Digitizer_run2089_subrun324.csv,ALERT,50,False,1.2432432432432432,0.5442302798967185,1.0,0.07422266800401203,0.0,1.0,0.0,1e-06,0.0,False,False
2089,324,Digitizer_run2089_subrun324.csv,ALERT,51,False,1.2352941176470589,0.7354082439965,1.0,0.06820461384152457,0.0,1.0,0.0,1e-06,0.0,False,False
2089,324,Digitizer_run2089_subrun324.csv,ALERT,52,False,1.312,0.6275400000102807,1.0,0.12537612838515547,0.0,1.0001468644441178,0.012117874192824951,0.012117874192824951,-0.012119654139071812,False,False
2089,324,Digitizer_run2089_subrun324.csv,ALERT,53,False,1.2195121951219512,0.5512517107642857,1.0,0.12337011033099297,0.0,1.0000734322220561,0.006058937096412474,0.006058937096412474,-0.012119654138613722,False,False
2089,324,Digitizer_run2089_subrun324.csv,ALERT,54,False,1.2622950819672132,0.6139329746242541,1.0,0.12236710130391174,0.0,1.0001468644441185,0.012117874192824955,0.012117874192824955,-0.012119654139126778,False,False
2089,324,Digitizer_run2089_subrun324.csv,ALERT,55,False,1.9248120300751879,1.8116795327957842,1.0,0.1334002006018054,0.0,1.000440593332354,0.020985690597874588,0.020985690597874588,-0.02099494082880142,False,False
2089,324,Digitizer_run2089_subrun324.csv,ALERT,56,False,2.621761658031088,2.2446563873038348,2.0,0.19358074222668004,0.0,1.261345278308119,0.43529583164131974,0.43529583164131974,1.696902814131532,False,False
2089,324,Digitizer_run2089_subrun324.csv,ALERT,57,False,1.3442622950819672,0.8309159717566564,1.0,0.12236710130391174,0.0,1.0,0.0,1e-06,0.0,False,False
2089,324,Digitizer_run2089_subrun324.csv,ALERT,58,False,1.168,0.45323212026367865,1.0,0.12537612838515547,0.0,1.0,0.0,1e-06,0.0,False,False
2089,324,Digitizer_run2089_subrun324.csv,ALERT,59,False,1.2295081967213115,0.6400785753146927,1.0,0.12236710130391174,0.0,1.000146886016451,0.012118764002546011,0.012118764002546011,-0.012120544341008408,False,False
2089,324,Digitizer_run2089_subrun324.csv,ALERT,60,False,1.225,0.4930184853438625,1.0,0.12036108324974924,0.0,1.0001468644441178,0.012117874192824951,0.012117874192824951,-0.012119654139071812,False,False
2089,324,Digitizer_run2089_subrun324.csv,ALERT,61,False,1.2622950819672132,0.5424657309285182,1.0,0.12236710130391174,0.0,1.0001468644441178,0.012117874192824951,0.012117874192824951,-0.012119654139071812,False,False
2089,324,Digitizer_run2089_subrun324.csv,ALERT,62,False,1.1951219512195121,0.5958674154619266,1.0,0.12337011033099297,0.0,1.0,0.0,1e-06,0.0,False,False
2089,324,Digitizer_run2089_subrun324.csv,ALERT,63,False,1.4148936170212767,1.1585082591032454,1.0,0.09428284854563691,0.0,1.0001468644441178,0.012117874192824951,0.012117874192824951,-0.012119654139071812,False,False
2089,324,Digitizer_run2089_subrun324.csv,ALERT,64,False,1.4,0.6060915267313265,1.0,0.05015045135406219,0.0,1.0013219741480597,0.0342540583867332,0.0342540583867332,-0.038593212317629716,False,False
2089,324,Digitizer_run2089_subrun324.csv,ALERT,65,False,1.6170212765957446,0.9902391342578446,1.0,0.04714142427281846,0.0,1.006462984723852,0.0758961624740207,0.0758961624740207,-0.08515561937751816,False,False
2089,324,Digitizer_run2089_subrun324.csv,ALERT,66,False,1.4426229508196722,0.7193652332423457,1.0,0.06118355065195587,0.0,1.0025705052878953,0.04725890660442968,0.04725890660442968,-0.054391975451550646,False,False
2089,324,Digitizer_run2089_subrun324.csv,ALERT,67,False,1.4647887323943662,0.9536544135286409,1.0,0.0712136409227683,0.0,1.000146886016451,0.012118764002546011,0.012118764002546011,-0.012120544341008408,False,False
2089,324,Digitizer_run2089_subrun324.csv,ALERT,68,False,1.7397260273972603,0.8169624848634587,2.0,0.0732196589769308,0.0,1.285472972972969,0.4413174108763788,0.4413174108763788,1.6190773566084915,False,False
2089,324,Digitizer_run2089_subrun324.csv,ALERT,69,False,1.3768115942028984,0.6881657049800262,1.0,0.06920762286860582,0.0,1.0,0.0,1e-06,0.0,False,False
2089,324,Digitizer_run2089_subrun324.csv,ALERT,70,False,1.5178571428571428,0.9340249447432318,1.0,0.05616850551654965,0.0,1.0075635188720775,0.08383914724619386,0.08383914724619386,-0.09021464459636286,False,False
2089,324,Digitizer_run2089_subrun324.csv,ALERT,71,False,2.1587982832618025,1.4958627765286283,2.0,0.2337011033099298,0.0,1.0735790865031518,0.25854095330422205,0.25854095330422205,3.5832656360895356,False,False
2089,324,Digitizer_run2089_subrun324.csv,ALERT,72,False,3.706896551724138,2.287225266361177,4.0,0.4653961885656971,0.0,2.6573652518725215,0.5491863877086711,0.5491863877086711,2.4447706246494056,False,False
2089,324,Digitizer_run2089_subrun324.csv,ALERT,73,False,1.3423423423423424,0.6251617317360292,1.0,0.11133400200601805,0.0,1.0005140255544125,0.02184136490957389,0.02184136490957389,-0.02353449779995996,False,False
2089,324,Digitizer_run2089_subrun324.csv,ALERT,74,False,1.5,0.7939992333804207,1.0,0.07021063189568706,0.0,1.0270230577177217,0.1556814370811686,0.1556814370811686,-0.1735791898145991,False,False
2089,324,Digitizer_run2089_subrun324.csv,ALERT,75,False,1.481012658227848,0.9852861031019975,1.0,0.07923771313941826,0.0,1.0047730944338322,0.06757759575640168,0.06757759575640168,-0.07063131471912519,False,False
2089,324,Digitizer_run2089_subrun324.csv,ALERT,76,False,1.9586206896551723,1.5315019047625074,1.0,0.14543630892678033,0.0,1.0059480099867821,0.07569049219572911,0.07569049219572911,-0.07858331759028715,False,False
2089,324,Digitizer_run2089_subrun324.csv,ALERT,77,False,1.558139534883721,0.8536288248077356,1.0,0.04312938816449348,0.0,1.0454612220916588,0.19958084446821958,0.19958084446821958,-0.22778349401611972,False,False
2089,324,Digitizer_run2089_subrun324.csv,ALERT,78,False,2.130081300813008,1.413977934726485,2.0,0.12337011033099297,0.0,1.0788662064914092,0.26458036202813257,0.26458036202813257,3.481489655723759,False,False
2089,324,Digitizer_run2089_subrun324.csv,ALERT,79,False,1.4375,0.9136068187983487,1.0,0.0320962888665998,0.0,1.0090321633132648,0.09044083705674406,0.09044083705674406,-0.09986819679253868,False,False
2089,324,Digitizer_run2089_subrun324.csv,ALERT,80,False,2.5416666666666665,1.9029691139155622,2.0,0.19257773319959878,0.0,1.2117050961962126,0.40585686872347315,0.40585686872347315,1.9422978013977752,False,False
2089,324,Digitizer_run2089_subrun324.csv,ALERT,81,False,1.4342105263157894,0.9843512424033671,1.0,0.07622868605817452,0.0,1.000293772032902,0.01484057689813756,0.01484057689813756,-0.01979518956158613,False,False
2089,324,Digitizer_run2089_subrun324.csv,ALERT,82,False,3.0,2.274042813632154,2.0,0.18254764292878636,0.0,1.7891026582464404,0.4138431824383967,0.4138431824383967,0.509606901123599,False,False
2089,324,Digitizer_run2089_subrun324.csv,ALERT,83,False,1.45,0.6745996929755541,1.0,0.06018054162487462,0.0,1.0013952122191219,0.03582062630520029,0.03582062630520029,-0.038949967184669664,False,False
2089,324,Digitizer_run2089_subrun324.csv,ALERT,84,False,1.6444444444444444,0.9331168580124737,1.0,0.04513540621865597,0.0,1.0773975620502307,0.2572809586283391,0.2572809586283391,-0.3008289554845646,False,False
2089,324,Digitizer_run2089_subrun324.csv,ALERT,85,False,1.6285714285714286,1.0314385809239868,1.0,0.03510531594784353,0.0,1.0563959465413444,0.22208902716235054,0.22208902716235054,-0.25393396180765865,False,False
2089,324,Digitizer_run2089_subrun324.csv,ALERT,86,False,1.631578947368421,0.6746792083200746,2.0,0.03811434302908726,0.0,1.022620446533494,0.14315381850007344,0.14315381850007344,6.827478049186683,False,False
2089,324,Digitizer_run2089_subrun324.csv,ALERT,87,False,1.280701754385965,0.5902295547651741,1.0,0.05717151454363089,0.0,1.002423619271448,0.045686450989950694,0.045686450989950694,-0.05304897226490778,False,False
2089,324,Digitizer_run2089_subrun324.csv,ALERT,88,False,1.4489795918367347,0.8911889177244239,1.0,0.04914744232698094,0.0,1.0245263621677179,0.14862373355242145,0.14862373355242145,-0.16502318695329443,False,False
2089,324,Digitizer_run2089_subrun324.csv,ALERT,89,False,1.528301886792453,0.7233409023122569,1.0,0.05315947843530592,0.0,1.001909237773529,0.04193719280711395,0.04193719280711395,-0.045526122416213705,False,False
2089,324,Digitizer_run2089_subrun324.csv,ALERT,90,False,1.5625,0.8227160519448126,1.0,0.048144433299899696,0.0,1.0047730944338344,0.06811874683429432,0.06811874683429432,-0.0700702032209353,False,False
2089,324,Digitizer_run2089_subrun324.csv,ALERT,91,False,1.4545454545454546,0.761105238408163,1.0,0.044132397191574725,0.0,1.008958731091199,0.09024494450022093,0.09024494450022093,-0.09927127930337419,False,False
2089,324,Digitizer_run2089_subrun324.csv,ALERT,92,False,2.2253521126760565,1.9361019977454816,1.0,0.0712136409227683,0.0,1.3614333969745962,0.4700631646599074,0.4700631646599074,-0.7689038923866641,False,False
2089,324,Digitizer_run2089_subrun324.csv,ALERT,93,False,3.06140350877193,1.7578567047613567,3.0,0.3430290872617854,0.0,1.6060361286532518,0.7828986057734849,0.7828986057734849,1.7805164820411776,False,False
2089,324,Digitizer_run2089_subrun324.csv,ALERT,94,False,1.5,0.8616404368553291,1.0,0.034102306920762285,0.0,1.0101336466441453,0.09488363789933676,0.09488363789933676,-0.1068007811304221,False,False
2089,324,Digitizer_run2089_subrun324.csv,ALERT,95,False,1.4848484848484849,0.7953463129830662,1.0,0.033099297893681046,0.0,1.0217359377294788,0.13990906201221617,0.13990906201221617,-0.15535761170052673,False,False
