frequency_rank,channel,anomalous_subrun_count,anomalous_fraction,ALERT_subrun_anomalous_count,ALERT_subrun_presence_fraction,longest_consecutive_anomalous_streak,maximum_max_z,median_max_z_when_anomalous,median_if_score_when_anomalous
1,3,34,0.0921409214092141,6,0.11764705882352941,2,6.97,5.06,-0.6509499999999999
2,0,19,0.051490514905149054,6,0.11764705882352941,2,45.76,9.6,-0.5756
3,9,18,0.04878048780487805,5,0.09803921568627451,2,10.74,9.32,-0.55765
4,1,17,0.04607046070460705,2,0.0392156862745098,2,10.45,8.71,-0.6065
5,82,16,0.04336043360433604,4,0.0784313725490196,1,4.9,4.154999999999999,-0.6507499999999999
6,23,14,0.037940379403794036,3,0.058823529411764705,2,1000000.0,9.74,-0.5993999999999999
7,5,12,0.032520325203252036,7,0.13725490196078433,1,29.16,14.56,-0.5758
8,15,12,0.032520325203252036,10,0.19607843137254902,2,19.7,19.7,-0.57665
9,94,11,0.02981029810298103,2,0.0392156862745098,1,10.43,10.43,-0.5495
10,4,10,0.02710027100271003,1,0.0196078431372549,1,9.04,8.405000000000001,-0.5874999999999999
11,10,10,0.02710027100271003,6,0.11764705882352941,1,16.81,13.579999999999998,-0.5334
12,12,10,0.02710027100271003,7,0.13725490196078433,1,23.32,17.48,-0.59465
13,40,10,0.02710027100271003,3,0.058823529411764705,2,13.62,13.62,-0.5680499999999999
14,45,10,0.02710027100271003,5,0.09803921568627451,1,13.96,13.96,-0.54735
15,2,9,0.024390243902439025,0,0.0,1,11.43,10.21,-0.5494
16,13,9,0.024390243902439025,3,0.058823529411764705,1,22.03,8.87,-0.5777
17,14,9,0.024390243902439025,0,0.0,1,8.91,8.91,-0.5586
18,21,9,0.024390243902439025,0,0.0,1,11.54,11.54,-0.579
19,7,8,0.02168021680216802,3,0.058823529411764705,1,45.76,9.219999999999999,-0.62595
20,20,8,0.02168021680216802,1,0.0196078431372549,2,11.21,11.21,-0.5622
21,32,8,0.02168021680216802,3,0.058823529411764705,1,13.17,13.17,-0.59405
22,34,8,0.02168021680216802,4,0.0784313725490196,1,29.16,21.86,-0.54395
23,36,8,0.02168021680216802,2,0.0392156862745098,1,14.38,14.38,-0.54905
24,70,8,0.02168021680216802,0,0.0,1,11.84,11.84,-0.52025
25,6,7,0.018970189701897018,2,0.0392156862745098,1,8.31,6.35,-0.6498
26,22,7,0.018970189701897018,3,0.058823529411764705,1,23.8,8.92,-0.64
27,43,7,0.018970189701897018,1,0.0196078431372549,1,22.86,11.41,-0.5657
28,11,6,0.016260162601626018,0,0.0,1,11.12,10.17,-0.603
29,17,6,0.016260162601626018,1,0.0196078431372549,1,16.56,8.48,-0.6461
30,18,6,0.016260162601626018,2,0.0392156862745098,1,10.56,10.56,-0.5445
31,26,6,0.016260162601626018,5,0.09803921568627451,2,16.07,16.07,-0.5327
32,65,6,0.016260162601626018,1,0.0196078431372549,1,13.09,13.09,-0.54435
33,16,5,0.013550135501355014,0,0.0,1,13.79,12.39,-0.6058
34,8,4,0.01084010840108401,1,0.0196078431372549,2,5.87,4.635,-0.6412
35,27,4,0.01084010840108401,3,0.058823529411764705,1,55.0,32.035,-0.5456
36,79,4,0.01084010840108401,0,0.0,1,10.96,10.96,-0.50755
37,91,4,0.01084010840108401,1,0.0196078431372549,1,10.98,10.98,-0.52245
38,19,3,0.008130081300813009,2,0.0392156862745098,1,11.31,8.58,-0.5996
39,33,3,0.008130081300813009,0,0.0,1,10.98,7.42,-0.6412
40,29,2,0.005420054200542005,2,0.0392156862745098,1,25.75,19.305,-0.5274000000000001
41,66,2,0.005420054200542005,1,0.0196078431372549,1,21.11,16.509999999999998,-0.56115
42,75,2,0.005420054200542005,0,0.0,1,14.73,14.73,-0.57395
43,77,2,0.005420054200542005,0,0.0,1,8.86,8.754999999999999,-0.5737
44,90,2,0.005420054200542005,0,0.0,1,14.61,14.61,-0.56985
45,30,1,0.0027100271002710027,0,0.0,1,13.44,13.44,-0.5256
46,31,1,0.0027100271002710027,0,0.0,1,8.57,8.57,-0.5123
47,35,1,0.0027100271002710027,1,0.0196078431372549,1,82.5,82.5,-0.5699
48,38,1,0.0027100271002710027,1,0.0196078431372549,1,10.32,10.32,-0.599
49,39,1,0.0027100271002710027,1,0.0196078431372549,1,8.68,8.68,-0.5724
50,41,1,0.0027100271002710027,0,0.0,1,8.39,8.39,-0.5472
51,47,1,0.0027100271002710027,1,0.0196078431372549,1,500000.0,500000.0,-0.5718
52,55,1,0.0027100271002710027,1,0.0196078431372549,1,47.63,47.63,-0.577
53,56,1,0.0027100271002710027,0,0.0,1,4.19,4.19,-0.6441
54,64,1,0.0027100271002710027,0,0.0,1,14.56,14.56,-0.5063
55,67,1,0.0027100271002710027,0,0.0,1,12.26,12.26,-0.5277
56,74,1,0.0027100271002710027,0,0.0,1,8.58,8.58,-0.5015
57,76,1,0.0027100271002710027,0,0.0,1,13.13,13.13,-0.4909
58,83,1,0.0027100271002710027,1,0.0196078431372549,1,27.88,27.88,-0.5092
59,86,1,0.0027100271002710027,1,0.0196078431372549,1,5.65,5.65,-0.6693
60,88,1,0.0027100271002710027,0,0.0,1,11.87,11.87,-0.6682
61,89,1,0.0027100271002710027,0,0.0,1,11.77,11.77,-0.6069
62,24,0,0.0,0,0.0,0,,,
63,25,0,0.0,0,0.0,0,,,
64,28,0,0.0,0,0.0,0,,,
65,37,0,0.0,0,0.0,0,,,
66,42,0,0.0,0,0.0,0,,,
67,44,0,0.0,0,0.0,0,,,
68,46,0,0.0,0,0.0,0,,,
69,48,0,0.0,0,0.0,0,,,
70,49,0,0.0,0,0.0,0,,,
71,50,0,0.0,0,0.0,0,,,
72,51,0,0.0,0,0.0,0,,,
73,52,0,0.0,0,0.0,0,,,
74,53,0,0.0,0,0.0,0,,,
75,54,0,0.0,0,0.0,0,,,
76,57,0,0.0,0,0.0,0,,,
77,58,0,0.0,0,0.0,0,,,
78,59,0,0.0,0,0.0,0,,,
79,60,0,0.0,0,0.0,0,,,
80,61,0,0.0,0,0.0,0,,,
81,62,0,0.0,0,0.0,0,,,
82,63,0,0.0,0,0.0,0,,,
83,68,0,0.0,0,0.0,0,,,
84,69,0,0.0,0,0.0,0,,,
85,71,0,0.0,0,0.0,0,,,
86,72,0,0.0,0,0.0,0,,,
87,73,0,0.0,0,0.0,0,,,
88,78,0,0.0,0,0.0,0,,,
89,80,0,0.0,0,0.0,0,,,
90,81,0,0.0,0,0.0,0,,,
91,84,0,0.0,0,0.0,0,,,
92,85,0,0.0,0,0.0,0,,,
93,87,0,0.0,0,0.0,0,,,
94,92,0,0.0,0,0.0,0,,,
95,93,0,0.0,0,0.0,0,,,
96,95,0,0.0,0,0.0,0,,,
