target_run,family,family_name,expected_peers,status,canonical_category,predicted_category,category_status,prompt_sha256
1500,daq_auto_restart,DAQ automatic restart,[1604],completed,daq_auto_restart,high_trigger_rate,incorrect,f9362a6a77c41cdba0d1e1d208a35c1378cb40a291687106edb2468f79549018
1604,daq_auto_restart,DAQ automatic restart,[1500],completed,daq_auto_restart,digitizer_lockup,incorrect,e4f16002c93e56a655643177edf928fdf3892b6e337cd5937a5953af0be22a20
1637,broken_pmt_base,broken PMT base,"[1640, 1642]",completed,broken_PMT_base,broken_PMT_base,correct,eadce32cd3ca23b2836e41b700044ac8b24365b1efe5bbb470a041eb31e10758
1640,broken_pmt_base,broken PMT base,"[1637, 1642]",completed,broken_PMT_base,broken_PMT_base,correct,2f3e87b93ba4cf3462932bed3daa2f1425fa0ab4f1be9531da1c934bad7db4fb
1642,broken_pmt_base,broken PMT base,"[1637, 1640]",completed,broken_PMT_base,broken_PMT_base,correct,bc7760c4d915c98fe94964ce422709d9daca37d8b0957cca33bcb5b03b9f8318
1702,vmax_distribution_shift,VMax distribution shift,[1703],completed,vmax_distribution_shift,vmax_distribution_shift,correct,26a1934f3d96601525ec0a671db3890f7da675142f41c19fe8bda6f2367d8b14
1703,vmax_distribution_shift,VMax distribution shift,[1702],completed,vmax_distribution_shift,vmax_distribution_shift,correct,b1e5d922b52386f71d0f895766889dbb4b784694bbcc6724d6bcfac7ad6f643a
2068,lvds_noise,LVDS connection/noise failure,[2126],completed,LVDS_noise,LVDS_noise,correct,102062110099287c69262269bafe4ae39c1c55b8253c8cd364f4308a448f8099
2126,lvds_noise,LVDS connection/noise failure,[2068],completed,LVDS_noise,digitizer_lockup,incorrect,90561499f7c4873a2dc15fef59babc68cbe04ed7ad70e1fc48b5355d4b24ff36
