segment_type,start_sequence_index,end_sequence_index,start_subrun,end_subrun,length,n_OK,n_WARN,n_ALERT
ALERT,1,2,3,4,2,0,0,2
ALERT,45,45,100,100,1,0,0,1
ALERT,69,69,162,162,1,0,0,1
ALERT,73,73,168,168,1,0,0,1
ALERT,87,87,217,217,1,0,0,1
ALERT,92,92,223,223,1,0,0,1
ALERT,94,94,225,225,1,0,0,1
ALERT,105,105,245,245,1,0,0,1
ALERT,107,107,247,247,1,0,0,1
ALERT,110,110,253,253,1,0,0,1
ALERT,114,114,258,258,1,0,0,1
ALERT,117,118,271,272,2,0,0,2
ALERT,120,120,275,275,1,0,0,1
ALERT,123,124,285,286,2,0,0,2
ALERT,135,136,324,332,2,0,0,2
ALERT,142,143,349,353,2,0,0,2
ALERT,147,147,371,371,1,0,0,1
ALERT,151,151,383,383,1,0,0,1
ALERT,154,154,390,390,1,0,0,1
ALERT,156,156,395,395,1,0,0,1
ALERT,158,159,406,409,2,0,0,2
ALERT,168,169,439,442,2,0,0,2
ALERT,172,172,454,454,1,0,0,1
ALERT,180,180,474,474,1,0,0,1
ALERT,183,184,485,487,2,0,0,2
ALERT,186,186,493,493,1,0,0,1
ALERT,195,196,519,520,2,0,0,2
ALERT,198,198,522,522,1,0,0,1
ALERT,200,200,530,530,1,0,0,1
ALERT,204,204,544,544,1,0,0,1
ALERT,206,206,547,547,1,0,0,1
ALERT,222,222,580,580,1,0,0,1
ALERT,226,226,592,592,1,0,0,1
ALERT,236,237,614,617,2,0,0,2
ALERT,245,245,638,638,1,0,0,1
ALERT,255,255,655,655,1,0,0,1
ALERT,265,268,680,685,4,0,0,4
ALERT,272,273,697,699,2,0,0,2
ALERT,279,279,712,712,1,0,0,1
ALERT,287,289,732,735,3,0,0,3
ALERT,296,296,755,755,1,0,0,1
ALERT,308,309,781,782,2,0,0,2
ALERT,314,314,790,790,1,0,0,1
ALERT,316,316,793,793,1,0,0,1
ALERT,319,320,802,806,2,0,0,2
ALERT,323,324,819,826,2,0,0,2
ALERT,331,331,842,842,1,0,0,1
ALERT,339,339,863,863,1,0,0,1
ALERT,341,342,870,871,2,0,0,2
ALERT,355,355,892,892,1,0,0,1
ALERT,360,360,902,902,1,0,0,1
NON_OK,1,2,3,4,2,0,0,2
NON_OK,45,45,100,100,1,0,0,1
NON_OK,69,69,162,162,1,0,0,1
NON_OK,73,73,168,168,1,0,0,1
NON_OK,77,78,176,183,2,0,2,0
NON_OK,80,81,191,195,2,0,2,0
NON_OK,87,87,217,217,1,0,0,1
NON_OK,92,92,223,223,1,0,0,1
NON_OK,94,94,225,225,1,0,0,1
NON_OK,105,105,245,245,1,0,0,1
NON_OK,107,107,247,247,1,0,0,1
NON_OK,110,110,253,253,1,0,0,1
NON_OK,114,114,258,258,1,0,0,1
NON_OK,117,118,271,272,2,0,0,2
NON_OK,120,120,275,275,1,0,0,1
NON_OK,123,124,285,286,2,0,0,2
NON_OK,128,129,304,306,2,0,2,0
NON_OK,133,136,322,332,4,0,2,2
NON_OK,140,140,347,347,1,0,1,0
NON_OK,142,143,349,353,2,0,0,2
NON_OK,146,148,368,372,3,0,2,1
NON_OK,151,151,383,383,1,0,0,1
NON_OK,154,156,390,395,3,0,1,2
NON_OK,158,159,406,409,2,0,0,2
NON_OK,164,172,421,454,9,0,6,3
NON_OK,176,176,466,466,1,0,1,0
NON_OK,180,180,474,474,1,0,0,1
NON_OK,183,184,485,487,2,0,0,2
NON_OK,186,190,493,506,5,0,4,1
NON_OK,192,192,513,513,1,0,1,0
NON_OK,195,196,519,520,2,0,0,2
NON_OK,198,198,522,522,1,0,0,1
NON_OK,200,200,530,530,1,0,0,1
NON_OK,204,204,544,544,1,0,0,1
NON_OK,206,206,547,547,1,0,0,1
NON_OK,212,212,559,559,1,0,1,0
NON_OK,218,240,570,624,23,0,19,4
NON_OK,245,245,638,638,1,0,0,1
NON_OK,255,255,655,655,1,0,0,1
NON_OK,265,270,680,693,6,0,2,4
NON_OK,272,273,697,699,2,0,0,2
NON_OK,279,279,712,712,1,0,0,1
NON_OK,281,284,717,722,4,0,4,0
NON_OK,286,289,730,735,4,0,1,3
NON_OK,296,297,755,759,2,0,1,1
NON_OK,303,309,771,782,7,0,5,2
NON_OK,313,320,788,806,8,0,4,4
NON_OK,323,324,819,826,2,0,0,2
NON_OK,329,342,837,871,14,0,10,4
NON_OK,349,355,878,892,7,0,6,1
NON_OK,360,360,902,902,1,0,0,1
WARN,77,78,176,183,2,0,2,0
WARN,80,81,191,195,2,0,2,0
WARN,128,129,304,306,2,0,2,0
WARN,133,134,322,323,2,0,2,0
WARN,140,140,347,347,1,0,1,0
WARN,146,146,368,368,1,0,1,0
WARN,148,148,372,372,1,0,1,0
WARN,155,155,391,391,1,0,1,0
WARN,164,167,421,434,4,0,4,0
WARN,170,171,446,449,2,0,2,0
WARN,176,176,466,466,1,0,1,0
WARN,187,190,498,506,4,0,4,0
WARN,192,192,513,513,1,0,1,0
WARN,212,212,559,559,1,0,1,0
WARN,218,221,570,579,4,0,4,0
WARN,223,225,581,591,3,0,3,0
WARN,227,235,593,611,9,0,9,0
WARN,238,240,619,624,3,0,3,0
WARN,269,270,687,693,2,0,2,0
WARN,281,284,717,722,4,0,4,0
WARN,286,286,730,730,1,0,1,0
WARN,297,297,759,759,1,0,1,0
WARN,303,307,771,778,5,0,5,0
WARN,313,313,788,788,1,0,1,0
WARN,315,315,792,792,1,0,1,0
WARN,317,318,798,799,2,0,2,0
WARN,329,330,837,839,2,0,2,0
WARN,332,338,844,861,7,0,7,0
WARN,340,340,868,868,1,0,1,0
WARN,349,354,878,890,6,0,6,0
